"ano","uf","racacor","nascidos_vivos"
2015,"AC","Amarela",51
2015,"AC","Branca",988
2015,"AC","Ignorado",2506
2015,"AC","Indígena",840
2015,"AC","Parda",12310
2015,"AC","Preta",285
2015,"AL","Amarela",48
2015,"AL","Branca",3616
2015,"AL","Ignorado",2343
2015,"AL","Indígena",127
2015,"AL","Parda",45638
2015,"AL","Preta",485
2015,"AM","Amarela",42
2015,"AM","Branca",3140
2015,"AM","Ignorado",2091
2015,"AM","Indígena",6036
2015,"AM","Parda",68484
2015,"AM","Preta",286
2015,"AP","Amarela",11
2015,"AP","Branca",1685
2015,"AP","Ignorado",332
2015,"AP","Indígena",248
2015,"AP","Parda",12656
2015,"AP","Preta",815
2015,"BA","Amarela",727
2015,"BA","Branca",16373
2015,"BA","Ignorado",19846
2015,"BA","Indígena",666
2015,"BA","Parda",146321
2015,"BA","Preta",22710
2015,"CE","Amarela",260
2015,"CE","Branca",9533
2015,"CE","Ignorado",25463
2015,"CE","Indígena",289
2015,"CE","Parda",95921
2015,"CE","Preta",1049
2015,"DF","Amarela",177
2015,"DF","Branca",10299
2015,"DF","Ignorado",9846
2015,"DF","Indígena",33
2015,"DF","Parda",24481
2015,"DF","Preta",1286
2015,"ES","Amarela",97
2015,"ES","Branca",14155
2015,"ES","Ignorado",962
2015,"ES","Indígena",138
2015,"ES","Parda",39017
2015,"ES","Preta",2572
2015,"GO","Amarela",632
2015,"GO","Branca",24167
2015,"GO","Ignorado",14920
2015,"GO","Indígena",64
2015,"GO","Parda",57995
2015,"GO","Preta",2889
2015,"MA","Amarela",221
2015,"MA","Branca",10420
2015,"MA","Ignorado",6454
2015,"MA","Indígena",1318
2015,"MA","Parda",94276
2015,"MA","Preta",4867
2015,"MG","Amarela",1404
2015,"MG","Branca",88362
2015,"MG","Ignorado",20867
2015,"MG","Indígena",506
2015,"MG","Parda",137276
2015,"MG","Preta",19876
2015,"MS","Amarela",83
2015,"MS","Branca",15228
2015,"MS","Ignorado",976
2015,"MS","Indígena",1889
2015,"MS","Parda",25104
2015,"MS","Preta",862
2015,"MT","Amarela",220
2015,"MT","Branca",13770
2015,"MT","Ignorado",1257
2015,"MT","Indígena",1269
2015,"MT","Parda",37898
2015,"MT","Preta",2257
2015,"PA","Amarela",215
2015,"PA","Branca",9236
2015,"PA","Ignorado",5376
2015,"PA","Indígena",1318
2015,"PA","Parda",124784
2015,"PA","Preta",2726
2015,"PB","Amarela",173
2015,"PB","Branca",7287
2015,"PB","Ignorado",4882
2015,"PB","Indígena",175
2015,"PB","Parda",45950
2015,"PB","Preta",622
2015,"PE","Amarela",338
2015,"PE","Branca",27700
2015,"PE","Ignorado",1626
2015,"PE","Indígena",967
2015,"PE","Parda",108754
2015,"PE","Preta",5637
2015,"PI","Amarela",235
2015,"PI","Branca",5719
2015,"PI","Ignorado",2415
2015,"PI","Indígena",22
2015,"PI","Parda",38799
2015,"PI","Preta",2062
2015,"PR","Amarela",599
2015,"PR","Branca",121949
2015,"PR","Ignorado",1989
2015,"PR","Indígena",518
2015,"PR","Parda",32080
2015,"PR","Preta",3811
2015,"RJ","Amarela",615
2015,"RJ","Branca",82042
2015,"RJ","Ignorado",6846
2015,"RJ","Indígena",151
2015,"RJ","Parda",123936
2015,"RJ","Preta",23356
2015,"RN","Amarela",84
2015,"RN","Branca",12887
2015,"RN","Ignorado",4164
2015,"RN","Indígena",30
2015,"RN","Parda",30932
2015,"RN","Preta",1002
2015,"RO","Amarela",115
2015,"RO","Branca",6752
2015,"RO","Ignorado",1772
2015,"RO","Indígena",390
2015,"RO","Parda",17816
2015,"RO","Preta",1069
2015,"RR","Amarela",21
2015,"RR","Branca",774
2015,"RR","Ignorado",55
2015,"RR","Indígena",2532
2015,"RR","Parda",7841
2015,"RR","Preta",186
2015,"RS","Amarela",135
2015,"RS","Branca",122838
2015,"RS","Ignorado",1017
2015,"RS","Indígena",687
2015,"RS","Parda",13688
2015,"RS","Preta",9994
2015,"SC","Amarela",153
2015,"SC","Branca",82220
2015,"SC","Ignorado",3988
2015,"SC","Indígena",311
2015,"SC","Parda",7715
2015,"SC","Preta",2834
2015,"SE","Amarela",339
2015,"SE","Branca",3936
2015,"SE","Ignorado",844
2015,"SE","Indígena",74
2015,"SE","Parda",27962
2015,"SE","Preta",1762
2015,"SP","Amarela",3682
2015,"SP","Branca",364899
2015,"SP","Ignorado",11420
2015,"SP","Indígena",1114
2015,"SP","Parda",219538
2015,"SP","Preta",33364
2015,"TO","Amarela",170
2015,"TO","Branca",3129
2015,"TO","Ignorado",409
2015,"TO","Indígena",555
2015,"TO","Parda",19585
2015,"TO","Preta",1258
2015,NA,"Amarela",2
2015,NA,"Branca",19
2015,NA,"Ignorado",35
2015,NA,"Indígena",1
2015,NA,"Parda",45
2015,NA,"Preta",3
2016,"AC","Amarela",32
2016,"AC","Branca",1068
2016,"AC","Ignorado",1436
2016,"AC","Indígena",689
2016,"AC","Parda",12330
2016,"AC","Preta",218
2016,"AL","Amarela",67
2016,"AL","Branca",3051
2016,"AL","Ignorado",1079
2016,"AL","Indígena",144
2016,"AL","Parda",43351
2016,"AL","Preta",471
2016,"AM","Amarela",53
2016,"AM","Branca",2434
2016,"AM","Ignorado",1744
2016,"AM","Indígena",6756
2016,"AM","Parda",65431
2016,"AM","Preta",260
2016,"AP","Amarela",16
2016,"AP","Branca",2151
2016,"AP","Ignorado",256
2016,"AP","Indígena",306
2016,"AP","Parda",12098
2016,"AP","Preta",694
2016,"BA","Amarela",572
2016,"BA","Branca",14689
2016,"BA","Ignorado",15834
2016,"BA","Indígena",593
2016,"BA","Parda",145214
2016,"BA","Preta",22914
2016,"CE","Amarela",205
2016,"CE","Branca",9125
2016,"CE","Ignorado",25044
2016,"CE","Indígena",283
2016,"CE","Parda",90622
2016,"CE","Preta",966
2016,"DF","Amarela",332
2016,"DF","Branca",10501
2016,"DF","Ignorado",10862
2016,"DF","Indígena",47
2016,"DF","Parda",20136
2016,"DF","Preta",1462
2016,"ES","Amarela",109
2016,"ES","Branca",12585
2016,"ES","Ignorado",798
2016,"ES","Indígena",151
2016,"ES","Parda",37471
2016,"ES","Preta",2298
2016,"GO","Amarela",781
2016,"GO","Branca",22120
2016,"GO","Ignorado",13189
2016,"GO","Indígena",110
2016,"GO","Parda",56361
2016,"GO","Preta",2992
2016,"MA","Amarela",127
2016,"MA","Branca",9305
2016,"MA","Ignorado",4070
2016,"MA","Indígena",1218
2016,"MA","Parda",91484
2016,"MA","Preta",4285
2016,"MG","Amarela",1310
2016,"MG","Branca",82647
2016,"MG","Ignorado",19671
2016,"MG","Indígena",494
2016,"MG","Parda",130440
2016,"MG","Preta",18954
2016,"MS","Amarela",104
2016,"MS","Branca",14902
2016,"MS","Ignorado",83
2016,"MS","Indígena",2012
2016,"MS","Parda",24409
2016,"MS","Preta",922
2016,"MT","Amarela",186
2016,"MT","Branca",12770
2016,"MT","Ignorado",1779
2016,"MT","Indígena",1349
2016,"MT","Parda",34911
2016,"MT","Preta",2535
2016,"PA","Amarela",207
2016,"PA","Branca",8155
2016,"PA","Ignorado",4790
2016,"PA","Indígena",1310
2016,"PA","Parda",120730
2016,"PA","Preta",2487
2016,"PB","Amarela",169
2016,"PB","Branca",6274
2016,"PB","Ignorado",4912
2016,"PB","Indígena",116
2016,"PB","Parda",43947
2016,"PB","Preta",665
2016,"PE","Amarela",349
2016,"PE","Branca",23945
2016,"PE","Ignorado",1866
2016,"PE","Indígena",952
2016,"PE","Parda",98286
2016,"PE","Preta",5329
2016,"PI","Amarela",221
2016,"PI","Branca",5220
2016,"PI","Ignorado",2387
2016,"PI","Indígena",33
2016,"PI","Parda",37193
2016,"PI","Preta",1932
2016,"PR","Amarela",467
2016,"PR","Branca",117973
2016,"PR","Ignorado",1627
2016,"PR","Indígena",474
2016,"PR","Parda",31017
2016,"PR","Preta",3508
2016,"RJ","Amarela",485
2016,"RJ","Branca",76491
2016,"RJ","Ignorado",3374
2016,"RJ","Indígena",145
2016,"RJ","Parda",114665
2016,"RJ","Preta",23964
2016,"RN","Amarela",88
2016,"RN","Branca",11787
2016,"RN","Ignorado",4510
2016,"RN","Indígena",39
2016,"RN","Parda",28074
2016,"RN","Preta",867
2016,"RO","Amarela",96
2016,"RO","Branca",5609
2016,"RO","Ignorado",2777
2016,"RO","Indígena",403
2016,"RO","Parda",16897
2016,"RO","Preta",818
2016,"RR","Amarela",35
2016,"RR","Branca",787
2016,"RR","Ignorado",18
2016,"RR","Indígena",2757
2016,"RR","Parda",7487
2016,"RR","Preta",291
2016,"RS","Amarela",153
2016,"RS","Branca",116961
2016,"RS","Ignorado",730
2016,"RS","Indígena",670
2016,"RS","Parda",13215
2016,"RS","Preta",9682
2016,"SC","Amarela",94
2016,"SC","Branca",80101
2016,"SC","Ignorado",3344
2016,"SC","Indígena",301
2016,"SC","Parda",8527
2016,"SC","Preta",2945
2016,"SE","Amarela",297
2016,"SE","Branca",3174
2016,"SE","Ignorado",793
2016,"SE","Indígena",64
2016,"SE","Parda",26212
2016,"SE","Preta",1678
2016,"SP","Amarela",3675
2016,"SP","Branca",343480
2016,"SP","Ignorado",7700
2016,"SP","Indígena",925
2016,"SP","Parda",212025
2016,"SP","Preta",33616
2016,"TO","Amarela",188
2016,"TO","Branca",2876
2016,"TO","Ignorado",289
2016,"TO","Indígena",488
2016,"TO","Parda",18740
2016,"TO","Preta",1288
2016,NA,"Amarela",0
2016,NA,"Branca",11
2016,NA,"Ignorado",23
2016,NA,"Indígena",8
2016,NA,"Parda",48
2016,NA,"Preta",6
2017,"AC","Amarela",60
2017,"AC","Branca",1103
2017,"AC","Ignorado",786
2017,"AC","Indígena",842
2017,"AC","Parda",13352
2017,"AC","Preta",215
2017,"AL","Amarela",114
2017,"AL","Branca",3316
2017,"AL","Ignorado",4608
2017,"AL","Indígena",195
2017,"AL","Parda",41660
2017,"AL","Preta",475
2017,"AM","Amarela",149
2017,"AM","Branca",3248
2017,"AM","Ignorado",723
2017,"AM","Indígena",7378
2017,"AM","Parda",66103
2017,"AM","Preta",448
2017,"AP","Amarela",8
2017,"AP","Branca",2226
2017,"AP","Ignorado",178
2017,"AP","Indígena",307
2017,"AP","Parda",11823
2017,"AP","Preta",857
2017,"BA","Amarela",770
2017,"BA","Branca",14850
2017,"BA","Ignorado",15938
2017,"BA","Indígena",771
2017,"BA","Parda",147575
2017,"BA","Preta",24182
2017,"CE","Amarela",236
2017,"CE","Branca",8856
2017,"CE","Ignorado",28301
2017,"CE","Indígena",264
2017,"CE","Parda",89151
2017,"CE","Preta",989
2017,"DF","Amarela",368
2017,"DF","Branca",9693
2017,"DF","Ignorado",12818
2017,"DF","Indígena",80
2017,"DF","Parda",19688
2017,"DF","Preta",1921
2017,"ES","Amarela",116
2017,"ES","Branca",13580
2017,"ES","Ignorado",611
2017,"ES","Indígena",123
2017,"ES","Parda",38685
2017,"ES","Preta",2731
2017,"GO","Amarela",954
2017,"GO","Branca",23692
2017,"GO","Ignorado",10666
2017,"GO","Indígena",118
2017,"GO","Parda",58421
2017,"GO","Preta",3664
2017,"MA","Amarela",164
2017,"MA","Branca",9368
2017,"MA","Ignorado",5221
2017,"MA","Indígena",1550
2017,"MA","Parda",92361
2017,"MA","Preta",4317
2017,"MG","Amarela",1881
2017,"MG","Branca",87942
2017,"MG","Ignorado",9301
2017,"MG","Indígena",494
2017,"MG","Parda",140653
2017,"MG","Preta",20686
2017,"MS","Amarela",132
2017,"MS","Branca",16598
2017,"MS","Ignorado",53
2017,"MS","Indígena",2181
2017,"MS","Parda",24704
2017,"MS","Preta",1079
2017,"MT","Amarela",240
2017,"MT","Branca",13597
2017,"MT","Ignorado",1098
2017,"MT","Indígena",1478
2017,"MT","Parda",38062
2017,"MT","Preta",2793
2017,"PA","Amarela",276
2017,"PA","Branca",7771
2017,"PA","Ignorado",4089
2017,"PA","Indígena",1371
2017,"PA","Parda",122430
2017,"PA","Preta",2745
2017,"PB","Amarela",146
2017,"PB","Branca",6951
2017,"PB","Ignorado",4236
2017,"PB","Indígena",223
2017,"PB","Parda",45166
2017,"PB","Preta",771
2017,"PE","Amarela",420
2017,"PE","Branca",26649
2017,"PE","Ignorado",2197
2017,"PE","Indígena",991
2017,"PE","Parda",99620
2017,"PE","Preta",6029
2017,"PI","Amarela",247
2017,"PI","Branca",4837
2017,"PI","Ignorado",2998
2017,"PI","Indígena",26
2017,"PI","Parda",38643
2017,"PI","Preta",1800
2017,"PR","Amarela",458
2017,"PR","Branca",118876
2017,"PR","Ignorado",1928
2017,"PR","Indígena",427
2017,"PR","Parda",32300
2017,"PR","Preta",3704
2017,"RJ","Amarela",472
2017,"RJ","Branca",76771
2017,"RJ","Ignorado",3916
2017,"RJ","Indígena",131
2017,"RJ","Parda",117133
2017,"RJ","Preta",24793
2017,"RN","Amarela",84
2017,"RN","Branca",13120
2017,"RN","Ignorado",1163
2017,"RN","Indígena",25
2017,"RN","Parda",30843
2017,"RN","Preta",987
2017,"RO","Amarela",64
2017,"RO","Branca",5463
2017,"RO","Ignorado",2993
2017,"RO","Indígena",396
2017,"RO","Parda",17793
2017,"RO","Preta",794
2017,"RR","Amarela",23
2017,"RR","Branca",959
2017,"RR","Ignorado",27
2017,"RR","Indígena",2406
2017,"RR","Parda",8036
2017,"RR","Preta",286
2017,"RS","Amarela",137
2017,"RS","Branca",117219
2017,"RS","Ignorado",475
2017,"RS","Indígena",726
2017,"RS","Parda",13213
2017,"RS","Preta",9798
2017,"SC","Amarela",126
2017,"SC","Branca",82800
2017,"SC","Ignorado",3192
2017,"SC","Indígena",322
2017,"SC","Parda",8871
2017,"SC","Preta",3023
2017,"SE","Amarela",296
2017,"SE","Branca",3507
2017,"SE","Ignorado",500
2017,"SE","Indígena",37
2017,"SE","Parda",27733
2017,"SE","Preta",1794
2017,"SP","Amarela",3645
2017,"SP","Branca",344729
2017,"SP","Ignorado",5049
2017,"SP","Indígena",844
2017,"SP","Parda",221408
2017,"SP","Preta",36123
2017,"TO","Amarela",195
2017,"TO","Branca",3158
2017,"TO","Ignorado",270
2017,"TO","Indígena",537
2017,"TO","Parda",19107
2017,"TO","Preta",1665
2017,NA,"Amarela",0
2017,NA,"Branca",11
2017,NA,"Ignorado",20
2017,NA,"Indígena",3
2017,NA,"Parda",53
2017,NA,"Preta",7
2018,"AC","Amarela",102
2018,"AC","Branca",933
2018,"AC","Ignorado",679
2018,"AC","Indígena",848
2018,"AC","Parda",13800
2018,"AC","Preta",181
2018,"AL","Amarela",116
2018,"AL","Branca",3552
2018,"AL","Ignorado",5728
2018,"AL","Indígena",155
2018,"AL","Parda",42485
2018,"AL","Preta",460
2018,"AM","Amarela",141
2018,"AM","Branca",3750
2018,"AM","Ignorado",369
2018,"AM","Indígena",7701
2018,"AM","Parda",65507
2018,"AM","Preta",594
2018,"AP","Amarela",26
2018,"AP","Branca",2166
2018,"AP","Ignorado",133
2018,"AP","Indígena",290
2018,"AP","Parda",12188
2018,"AP","Preta",1061
2018,"BA","Amarela",842
2018,"BA","Branca",15111
2018,"BA","Ignorado",12940
2018,"BA","Indígena",791
2018,"BA","Parda",149711
2018,"BA","Preta",25934
2018,"CE","Amarela",268
2018,"CE","Branca",9509
2018,"CE","Ignorado",25789
2018,"CE","Indígena",344
2018,"CE","Parda",94560
2018,"CE","Preta",1021
2018,"DF","Amarela",430
2018,"DF","Branca",9524
2018,"DF","Ignorado",13626
2018,"DF","Indígena",77
2018,"DF","Parda",18662
2018,"DF","Preta",1876
2018,"ES","Amarela",146
2018,"ES","Branca",14399
2018,"ES","Ignorado",567
2018,"ES","Indígena",142
2018,"ES","Parda",37936
2018,"ES","Preta",3530
2018,"GO","Amarela",1032
2018,"GO","Branca",25235
2018,"GO","Ignorado",6637
2018,"GO","Indígena",104
2018,"GO","Parda",61388
2018,"GO","Preta",4470
2018,"MA","Amarela",258
2018,"MA","Branca",8990
2018,"MA","Ignorado",4243
2018,"MA","Indígena",1609
2018,"MA","Parda",97429
2018,"MA","Preta",4620
2018,"MG","Amarela",2162
2018,"MG","Branca",87468
2018,"MG","Ignorado",6651
2018,"MG","Indígena",558
2018,"MG","Parda",144568
2018,"MG","Preta",22230
2018,"MS","Amarela",146
2018,"MS","Branca",16361
2018,"MS","Ignorado",62
2018,"MS","Indígena",2173
2018,"MS","Parda",24339
2018,"MS","Preta",1194
2018,"MT","Amarela",235
2018,"MT","Branca",14144
2018,"MT","Ignorado",1015
2018,"MT","Indígena",1773
2018,"MT","Parda",38600
2018,"MT","Preta",2882
2018,"PA","Amarela",260
2018,"PA","Branca",8263
2018,"PA","Ignorado",3923
2018,"PA","Indígena",1429
2018,"PA","Parda",125157
2018,"PA","Preta",2786
2018,"PB","Amarela",153
2018,"PB","Branca",7208
2018,"PB","Ignorado",4281
2018,"PB","Indígena",372
2018,"PB","Parda",47345
2018,"PB","Preta",844
2018,"PE","Amarela",462
2018,"PE","Branca",26671
2018,"PE","Ignorado",1805
2018,"PE","Indígena",1220
2018,"PE","Parda",101513
2018,"PE","Preta",6614
2018,"PI","Amarela",272
2018,"PI","Branca",4661
2018,"PI","Ignorado",3388
2018,"PI","Indígena",38
2018,"PI","Parda",39235
2018,"PI","Preta",1895
2018,"PR","Amarela",587
2018,"PR","Branca",115802
2018,"PR","Ignorado",1743
2018,"PR","Indígena",474
2018,"PR","Parda",33733
2018,"PR","Preta",3862
2018,"RJ","Amarela",481
2018,"RJ","Branca",75119
2018,"RJ","Ignorado",3224
2018,"RJ","Indígena",140
2018,"RJ","Parda",115124
2018,"RJ","Preta",26393
2018,"RN","Amarela",129
2018,"RN","Branca",14160
2018,"RN","Ignorado",1043
2018,"RN","Indígena",35
2018,"RN","Parda",31654
2018,"RN","Preta",1086
2018,"RO","Amarela",90
2018,"RO","Branca",5793
2018,"RO","Ignorado",1249
2018,"RO","Indígena",408
2018,"RO","Parda",19649
2018,"RO","Preta",900
2018,"RR","Amarela",31
2018,"RR","Branca",1100
2018,"RR","Ignorado",41
2018,"RR","Indígena",3017
2018,"RR","Parda",8733
2018,"RR","Preta",421
2018,"RS","Amarela",129
2018,"RS","Branca",114313
2018,"RS","Ignorado",468
2018,"RS","Indígena",702
2018,"RS","Parda",14517
2018,"RS","Preta",9918
2018,"SC","Amarela",150
2018,"SC","Branca",82131
2018,"SC","Ignorado",2905
2018,"SC","Indígena",305
2018,"SC","Parda",10519
2018,"SC","Preta",3599
2018,"SE","Amarela",377
2018,"SE","Branca",3441
2018,"SE","Ignorado",419
2018,"SE","Indígena",42
2018,"SE","Parda",27675
2018,"SE","Preta",2302
2018,"SP","Amarela",3599
2018,"SP","Branca",336569
2018,"SP","Ignorado",3455
2018,"SP","Indígena",760
2018,"SP","Parda",224146
2018,"SP","Preta",37613
2018,"TO","Amarela",254
2018,"TO","Branca",3240
2018,"TO","Ignorado",231
2018,"TO","Indígena",554
2018,"TO","Parda",19401
2018,"TO","Preta",1800
2018,NA,"Amarela",0
2018,NA,"Branca",10
2018,NA,"Ignorado",27
2018,NA,"Indígena",0
2018,NA,"Parda",62
2018,NA,"Preta",7
2019,"AC","Amarela",97
2019,"AC","Branca",704
2019,"AC","Ignorado",673
2019,"AC","Indígena",770
2019,"AC","Parda",13874
2019,"AC","Preta",162
2019,"AL","Amarela",135
2019,"AL","Branca",3144
2019,"AL","Ignorado",7243
2019,"AL","Indígena",205
2019,"AL","Parda",38628
2019,"AL","Preta",448
2019,"AM","Amarela",128
2019,"AM","Branca",4164
2019,"AM","Ignorado",545
2019,"AM","Indígena",7967
2019,"AM","Parda",64083
2019,"AM","Preta",723
2019,"AP","Amarela",29
2019,"AP","Branca",1888
2019,"AP","Ignorado",860
2019,"AP","Indígena",255
2019,"AP","Parda",11423
2019,"AP","Preta",901
2019,"BA","Amarela",818
2019,"BA","Branca",14766
2019,"BA","Ignorado",12302
2019,"BA","Indígena",875
2019,"BA","Parda",142163
2019,"BA","Preta",26325
2019,"CE","Amarela",249
2019,"CE","Branca",8675
2019,"CE","Ignorado",24636
2019,"CE","Indígena",339
2019,"CE","Parda",94224
2019,"CE","Preta",1062
2019,"DF","Amarela",375
2019,"DF","Branca",10452
2019,"DF","Ignorado",8592
2019,"DF","Indígena",72
2019,"DF","Parda",20763
2019,"DF","Preta",2168
2019,"ES","Amarela",185
2019,"ES","Branca",14174
2019,"ES","Ignorado",381
2019,"ES","Indígena",142
2019,"ES","Parda",36284
2019,"ES","Preta",3759
2019,"GO","Amarela",972
2019,"GO","Branca",24701
2019,"GO","Ignorado",5192
2019,"GO","Indígena",86
2019,"GO","Parda",60565
2019,"GO","Preta",4592
2019,"MA","Amarela",227
2019,"MA","Branca",8232
2019,"MA","Ignorado",4296
2019,"MA","Indígena",1509
2019,"MA","Parda",94325
2019,"MA","Preta",4720
2019,"MG","Amarela",2161
2019,"MG","Branca",83862
2019,"MG","Ignorado",6719
2019,"MG","Indígena",520
2019,"MG","Parda",140733
2019,"MG","Preta",22895
2019,"MS","Amarela",160
2019,"MS","Branca",15602
2019,"MS","Ignorado",101
2019,"MS","Indígena",2080
2019,"MS","Parda",24365
2019,"MS","Preta",1387
2019,"MT","Amarela",287
2019,"MT","Branca",14041
2019,"MT","Ignorado",1210
2019,"MT","Indígena",1752
2019,"MT","Parda",38184
2019,"MT","Preta",3378
2019,"PA","Amarela",213
2019,"PA","Branca",7539
2019,"PA","Ignorado",5339
2019,"PA","Indígena",1394
2019,"PA","Parda",121270
2019,"PA","Preta",2583
2019,"PB","Amarela",117
2019,"PB","Branca",6202
2019,"PB","Ignorado",4511
2019,"PB","Indígena",390
2019,"PB","Parda",45693
2019,"PB","Preta",788
2019,"PE","Amarela",433
2019,"PE","Branca",26025
2019,"PE","Ignorado",1654
2019,"PE","Indígena",1182
2019,"PE","Parda",96985
2019,"PE","Preta",7067
2019,"PI","Amarela",273
2019,"PI","Branca",4426
2019,"PI","Ignorado",3287
2019,"PI","Indígena",52
2019,"PI","Parda",38019
2019,"PI","Preta",1874
2019,"PR","Amarela",581
2019,"PR","Branca",112023
2019,"PR","Ignorado",1302
2019,"PR","Indígena",478
2019,"PR","Parda",34914
2019,"PR","Preta",4170
2019,"RJ","Amarela",586
2019,"RJ","Branca",69530
2019,"RJ","Ignorado",3408
2019,"RJ","Indígena",154
2019,"RJ","Parda",106892
2019,"RJ","Preta",27396
2019,"RN","Amarela",202
2019,"RN","Branca",12530
2019,"RN","Ignorado",640
2019,"RN","Indígena",37
2019,"RN","Parda",29424
2019,"RN","Preta",1198
2019,"RO","Amarela",116
2019,"RO","Branca",5382
2019,"RO","Ignorado",661
2019,"RO","Indígena",415
2019,"RO","Parda",19586
2019,"RO","Preta",867
2019,"RR","Amarela",8
2019,"RR","Branca",1161
2019,"RR","Ignorado",15
2019,"RR","Indígena",3268
2019,"RR","Parda",9661
2019,"RR","Preta",507
2019,"RS","Amarela",127
2019,"RS","Branca",108712
2019,"RS","Ignorado",197
2019,"RS","Indígena",720
2019,"RS","Parda",14761
2019,"RS","Preta",10079
2019,"SC","Amarela",219
2019,"SC","Branca",80383
2019,"SC","Ignorado",2435
2019,"SC","Indígena",320
2019,"SC","Parda",10809
2019,"SC","Preta",3863
2019,"SE","Amarela",351
2019,"SE","Branca",3158
2019,"SE","Ignorado",181
2019,"SE","Indígena",37
2019,"SE","Parda",26411
2019,"SE","Preta",2559
2019,"SP","Amarela",3362
2019,"SP","Branca",316397
2019,"SP","Ignorado",3077
2019,"SP","Indígena",594
2019,"SP","Parda",221011
2019,"SP","Preta",38742
2019,"TO","Amarela",258
2019,"TO","Branca",3071
2019,"TO","Ignorado",187
2019,"TO","Indígena",503
2019,"TO","Parda",18621
2019,"TO","Preta",1807
2019,NA,"Amarela",1
2019,NA,"Branca",8
2019,NA,"Ignorado",18
2019,NA,"Indígena",3
2019,NA,"Parda",44
2019,NA,"Preta",8
2020,"AC","Amarela",121
2020,"AC","Branca",857
2020,"AC","Ignorado",671
2020,"AC","Indígena",630
2020,"AC","Parda",12555
2020,"AC","Preta",308
2020,"AL","Amarela",141
2020,"AL","Branca",3146
2020,"AL","Ignorado",858
2020,"AL","Indígena",159
2020,"AL","Parda",43447
2020,"AL","Preta",590
2020,"AM","Amarela",115
2020,"AM","Branca",3656
2020,"AM","Ignorado",930
2020,"AM","Indígena",7678
2020,"AM","Parda",62476
2020,"AM","Preta",739
2020,"AP","Amarela",29
2020,"AP","Branca",1753
2020,"AP","Ignorado",292
2020,"AP","Indígena",279
2020,"AP","Parda",11224
2020,"AP","Preta",1056
2020,"BA","Amarela",731
2020,"BA","Branca",13571
2020,"BA","Ignorado",11818
2020,"BA","Indígena",781
2020,"BA","Parda",137153
2020,"BA","Preta",24906
2020,"CE","Amarela",286
2020,"CE","Branca",9023
2020,"CE","Ignorado",22481
2020,"CE","Indígena",315
2020,"CE","Parda",88424
2020,"CE","Preta",1375
2020,"DF","Amarela",349
2020,"DF","Branca",10206
2020,"DF","Ignorado",6019
2020,"DF","Indígena",59
2020,"DF","Parda",20270
2020,"DF","Preta",2458
2020,"ES","Amarela",262
2020,"ES","Branca",13814
2020,"ES","Ignorado",271
2020,"ES","Indígena",165
2020,"ES","Parda",35170
2020,"ES","Preta",4084
2020,"GO","Amarela",920
2020,"GO","Branca",22970
2020,"GO","Ignorado",3169
2020,"GO","Indígena",104
2020,"GO","Parda",60535
2020,"GO","Preta",5069
2020,"MA","Amarela",300
2020,"MA","Branca",7210
2020,"MA","Ignorado",10476
2020,"MA","Indígena",1522
2020,"MA","Parda",81981
2020,"MA","Preta",4584
2020,"MG","Amarela",1964
2020,"MG","Branca",79732
2020,"MG","Ignorado",7262
2020,"MG","Indígena",530
2020,"MG","Parda",134330
2020,"MG","Preta",23374
2020,"MS","Amarela",172
2020,"MS","Branca",14793
2020,"MS","Ignorado",125
2020,"MS","Indígena",2085
2020,"MS","Parda",22679
2020,"MS","Preta",1454
2020,"MT","Amarela",277
2020,"MT","Branca",13617
2020,"MT","Ignorado",936
2020,"MT","Indígena",1770
2020,"MT","Parda",36761
2020,"MT","Preta",3675
2020,"PA","Amarela",319
2020,"PA","Branca",7788
2020,"PA","Ignorado",3425
2020,"PA","Indígena",1503
2020,"PA","Parda",116814
2020,"PA","Preta",3088
2020,"PB","Amarela",93
2020,"PB","Branca",5764
2020,"PB","Ignorado",5224
2020,"PB","Indígena",270
2020,"PB","Parda",44396
2020,"PB","Preta",632
2020,"PE","Amarela",360
2020,"PE","Branca",23846
2020,"PE","Ignorado",1729
2020,"PE","Indígena",1100
2020,"PE","Parda",94282
2020,"PE","Preta",7153
2020,"PI","Amarela",189
2020,"PI","Branca",3641
2020,"PI","Ignorado",3200
2020,"PI","Indígena",91
2020,"PI","Parda",36496
2020,"PI","Preta",1608
2020,"PR","Amarela",564
2020,"PR","Branca",105346
2020,"PR","Ignorado",1639
2020,"PR","Indígena",491
2020,"PR","Parda",33890
2020,"PR","Preta",4359
2020,"RJ","Amarela",841
2020,"RJ","Branca",63584
2020,"RJ","Ignorado",4468
2020,"RJ","Indígena",157
2020,"RJ","Parda",102067
2020,"RJ","Preta",27993
2020,"RN","Amarela",169
2020,"RN","Branca",12082
2020,"RN","Ignorado",544
2020,"RN","Indígena",36
2020,"RN","Parda",29309
2020,"RN","Preta",1391
2020,"RO","Amarela",134
2020,"RO","Branca",4747
2020,"RO","Ignorado",564
2020,"RO","Indígena",413
2020,"RO","Parda",19029
2020,"RO","Preta",911
2020,"RR","Amarela",20
2020,"RR","Branca",999
2020,"RR","Ignorado",18
2020,"RR","Indígena",3177
2020,"RR","Parda",9211
2020,"RR","Preta",334
2020,"RS","Amarela",155
2020,"RS","Branca",104192
2020,"RS","Ignorado",386
2020,"RS","Indígena",736
2020,"RS","Parda",15061
2020,"RS","Preta",10212
2020,"SC","Amarela",287
2020,"SC","Branca",79294
2020,"SC","Ignorado",1380
2020,"SC","Indígena",320
2020,"SC","Parda",11998
2020,"SC","Preta",4635
2020,"SE","Amarela",240
2020,"SE","Branca",2930
2020,"SE","Ignorado",184
2020,"SE","Indígena",34
2020,"SE","Parda",26209
2020,"SE","Preta",2187
2020,"SP","Amarela",2906
2020,"SP","Branca",294574
2020,"SP","Ignorado",3085
2020,"SP","Indígena",604
2020,"SP","Parda",211950
2020,"SP","Preta",39188
2020,"TO","Amarela",346
2020,"TO","Branca",2721
2020,"TO","Ignorado",452
2020,"TO","Indígena",485
2020,"TO","Parda",17854
2020,"TO","Preta",1870
2020,NA,"Amarela",0
2020,NA,"Branca",18
2020,NA,"Ignorado",37
2020,NA,"Indígena",1
2020,NA,"Parda",35
2020,NA,"Preta",4
2021,"AC","Amarela",133
2021,"AC","Branca",700
2021,"AC","Ignorado",624
2021,"AC","Indígena",1037
2021,"AC","Parda",12993
2021,"AC","Preta",211
2021,"AL","Amarela",110
2021,"AL","Branca",3429
2021,"AL","Ignorado",1734
2021,"AL","Indígena",224
2021,"AL","Parda",42752
2021,"AL","Preta",559
2021,"AM","Amarela",131
2021,"AM","Branca",3850
2021,"AM","Ignorado",967
2021,"AM","Indígena",8859
2021,"AM","Parda",63804
2021,"AM","Preta",817
2021,"AP","Amarela",21
2021,"AP","Branca",1552
2021,"AP","Ignorado",94
2021,"AP","Indígena",268
2021,"AP","Parda",12024
2021,"AP","Preta",1034
2021,"BA","Amarela",693
2021,"BA","Branca",13351
2021,"BA","Ignorado",12547
2021,"BA","Indígena",868
2021,"BA","Parda",134155
2021,"BA","Preta",23841
2021,"CE","Amarela",344
2021,"CE","Branca",10821
2021,"CE","Ignorado",20447
2021,"CE","Indígena",268
2021,"CE","Parda",86695
2021,"CE","Preta",1690
2021,"DF","Amarela",336
2021,"DF","Branca",9904
2021,"DF","Ignorado",5668
2021,"DF","Indígena",38
2021,"DF","Parda",19532
2021,"DF","Preta",2557
2021,"ES","Amarela",262
2021,"ES","Branca",13713
2021,"ES","Ignorado",411
2021,"ES","Indígena",160
2021,"ES","Parda",33519
2021,"ES","Preta",4427
2021,"GO","Amarela",1058
2021,"GO","Branca",21727
2021,"GO","Ignorado",2470
2021,"GO","Indígena",95
2021,"GO","Parda",60146
2021,"GO","Preta",5463
2021,"MA","Amarela",272
2021,"MA","Branca",7471
2021,"MA","Ignorado",10923
2021,"MA","Indígena",1763
2021,"MA","Parda",83000
2021,"MA","Preta",5235
2021,"MG","Amarela",1824
2021,"MG","Branca",77064
2021,"MG","Ignorado",5430
2021,"MG","Indígena",539
2021,"MG","Parda",133184
2021,"MG","Preta",24093
2021,"MS","Amarela",155
2021,"MS","Branca",14522
2021,"MS","Ignorado",172
2021,"MS","Indígena",2230
2021,"MS","Parda",23579
2021,"MS","Preta",1515
2021,"MT","Amarela",318
2021,"MT","Branca",13214
2021,"MT","Ignorado",684
2021,"MT","Indígena",2037
2021,"MT","Parda",37593
2021,"MT","Preta",3994
2021,"PA","Amarela",339
2021,"PA","Branca",8006
2021,"PA","Ignorado",3630
2021,"PA","Indígena",1591
2021,"PA","Parda",120210
2021,"PA","Preta",3352
2021,"PB","Amarela",136
2021,"PB","Branca",5382
2021,"PB","Ignorado",5199
2021,"PB","Indígena",349
2021,"PB","Parda",44247
2021,"PB","Preta",731
2021,"PE","Amarela",365
2021,"PE","Branca",23180
2021,"PE","Ignorado",1227
2021,"PE","Indígena",1286
2021,"PE","Parda",92598
2021,"PE","Preta",7536
2021,"PI","Amarela",229
2021,"PI","Branca",3434
2021,"PI","Ignorado",3130
2021,"PI","Indígena",39
2021,"PI","Parda",37435
2021,"PI","Preta",1708
2021,"PR","Amarela",476
2021,"PR","Branca",101165
2021,"PR","Ignorado",1954
2021,"PR","Indígena",463
2021,"PR","Parda",33675
2021,"PR","Preta",4242
2021,"RJ","Amarela",911
2021,"RJ","Branca",60039
2021,"RJ","Ignorado",4594
2021,"RJ","Indígena",163
2021,"RJ","Parda",96865
2021,"RJ","Preta",27282
2021,"RN","Amarela",178
2021,"RN","Branca",11287
2021,"RN","Ignorado",662
2021,"RN","Indígena",53
2021,"RN","Parda",29957
2021,"RN","Preta",1293
2021,"RO","Amarela",126
2021,"RO","Branca",4461
2021,"RO","Ignorado",881
2021,"RO","Indígena",445
2021,"RO","Parda",18610
2021,"RO","Preta",912
2021,"RR","Amarela",12
2021,"RR","Branca",1050
2021,"RR","Ignorado",89
2021,"RR","Indígena",3476
2021,"RR","Parda",8878
2021,"RR","Preta",396
2021,"RS","Amarela",213
2021,"RS","Branca",97703
2021,"RS","Ignorado",330
2021,"RS","Indígena",793
2021,"RS","Parda",15539
2021,"RS","Preta",9868
2021,"SC","Amarela",265
2021,"SC","Branca",76457
2021,"SC","Ignorado",2262
2021,"SC","Indígena",365
2021,"SC","Parda",12694
2021,"SC","Preta",4455
2021,"SE","Amarela",251
2021,"SE","Branca",2780
2021,"SE","Ignorado",308
2021,"SE","Indígena",46
2021,"SE","Parda",25251
2021,"SE","Preta",2570
2021,"SP","Amarela",2622
2021,"SP","Branca",277014
2021,"SP","Ignorado",2321
2021,"SP","Indígena",627
2021,"SP","Parda",203116
2021,"SP","Preta",39533
2021,"TO","Amarela",334
2021,"TO","Branca",2571
2021,"TO","Ignorado",493
2021,"TO","Indígena",512
2021,"TO","Parda",17974
2021,"TO","Preta",1863
2021,NA,"Amarela",1
2021,NA,"Branca",15
2021,NA,"Ignorado",27
2021,NA,"Indígena",2
2021,NA,"Parda",42
2021,NA,"Preta",6
2022,"AC","Amarela",92
2022,"AC","Branca",804
2022,"AC","Ignorado",240
2022,"AC","Indígena",908
2022,"AC","Parda",12181
2022,"AC","Preta",258
2022,"AL","Amarela",105
2022,"AL","Branca",3205
2022,"AL","Ignorado",523
2022,"AL","Indígena",193
2022,"AL","Parda",41158
2022,"AL","Preta",558
2022,"AM","Amarela",116
2022,"AM","Branca",3674
2022,"AM","Ignorado",596
2022,"AM","Indígena",8593
2022,"AM","Parda",58786
2022,"AM","Preta",750
2022,"AP","Amarela",22
2022,"AP","Branca",1609
2022,"AP","Ignorado",85
2022,"AP","Indígena",293
2022,"AP","Parda",10720
2022,"AP","Preta",886
2022,"BA","Amarela",757
2022,"BA","Branca",13579
2022,"BA","Ignorado",8642
2022,"BA","Indígena",900
2022,"BA","Parda",123705
2022,"BA","Preta",26238
2022,"CE","Amarela",333
2022,"CE","Branca",10896
2022,"CE","Ignorado",16461
2022,"CE","Indígena",269
2022,"CE","Parda",82479
2022,"CE","Preta",1869
2022,"DF","Amarela",247
2022,"DF","Branca",9961
2022,"DF","Ignorado",3227
2022,"DF","Indígena",58
2022,"DF","Parda",19613
2022,"DF","Preta",2822
2022,"ES","Amarela",315
2022,"ES","Branca",12961
2022,"ES","Ignorado",921
2022,"ES","Indígena",216
2022,"ES","Parda",32541
2022,"ES","Preta",4775
2022,"GO","Amarela",932
2022,"GO","Branca",21685
2022,"GO","Ignorado",1739
2022,"GO","Indígena",83
2022,"GO","Parda",59729
2022,"GO","Preta",5572
2022,"MA","Amarela",211
2022,"MA","Branca",7530
2022,"MA","Ignorado",5930
2022,"MA","Indígena",1431
2022,"MA","Parda",78205
2022,"MA","Preta",4656
2022,"MG","Amarela",1758
2022,"MG","Branca",75827
2022,"MG","Ignorado",5454
2022,"MG","Indígena",499
2022,"MG","Parda",127532
2022,"MG","Preta",23991
2022,"MS","Amarela",141
2022,"MS","Branca",13726
2022,"MS","Ignorado",243
2022,"MS","Indígena",2137
2022,"MS","Parda",22871
2022,"MS","Preta",1367
2022,"MT","Amarela",377
2022,"MT","Branca",13826
2022,"MT","Ignorado",761
2022,"MT","Indígena",1696
2022,"MT","Parda",37390
2022,"MT","Preta",4117
2022,"PA","Amarela",358
2022,"PA","Branca",8134
2022,"PA","Ignorado",3305
2022,"PA","Indígena",1504
2022,"PA","Parda",111222
2022,"PA","Preta",3475
2022,"PB","Amarela",100
2022,"PB","Branca",5740
2022,"PB","Ignorado",3955
2022,"PB","Indígena",334
2022,"PB","Parda",40002
2022,"PB","Preta",761
2022,"PE","Amarela",349
2022,"PE","Branca",21831
2022,"PE","Ignorado",1389
2022,"PE","Indígena",1183
2022,"PE","Parda",85009
2022,"PE","Preta",7664
2022,"PI","Amarela",192
2022,"PI","Branca",3440
2022,"PI","Ignorado",1564
2022,"PI","Indígena",38
2022,"PI","Parda",35382
2022,"PI","Preta",1628
2022,"PR","Amarela",512
2022,"PR","Branca",97395
2022,"PR","Ignorado",2482
2022,"PR","Indígena",464
2022,"PR","Parda",35692
2022,"PR","Preta",4090
2022,"RJ","Amarela",835
2022,"RJ","Branca",58020
2022,"RJ","Ignorado",4124
2022,"RJ","Indígena",183
2022,"RJ","Parda",89150
2022,"RJ","Preta",28041
2022,"RN","Amarela",162
2022,"RN","Branca",10986
2022,"RN","Ignorado",524
2022,"RN","Indígena",42
2022,"RN","Parda",27006
2022,"RN","Preta",1316
2022,"RO","Amarela",135
2022,"RO","Branca",4575
2022,"RO","Ignorado",538
2022,"RO","Indígena",399
2022,"RO","Parda",18327
2022,"RO","Preta",925
2022,"RR","Amarela",24
2022,"RR","Branca",1239
2022,"RR","Ignorado",14
2022,"RR","Indígena",3298
2022,"RR","Parda",8140
2022,"RR","Preta",375
2022,"RS","Amarela",162
2022,"RS","Branca",95131
2022,"RS","Ignorado",251
2022,"RS","Indígena",848
2022,"RS","Parda",15262
2022,"RS","Preta",9288
2022,"SC","Amarela",291
2022,"SC","Branca",76302
2022,"SC","Ignorado",1315
2022,"SC","Indígena",378
2022,"SC","Parda",15502
2022,"SC","Preta",4412
2022,"SE","Amarela",233
2022,"SE","Branca",2938
2022,"SE","Ignorado",215
2022,"SE","Indígena",53
2022,"SE","Parda",22452
2022,"SE","Preta",2633
2022,"SP","Amarela",2636
2022,"SP","Branca",271429
2022,"SP","Ignorado",1805
2022,"SP","Indígena",599
2022,"SP","Parda",196871
2022,"SP","Preta",39175
2022,"TO","Amarela",315
2022,"TO","Branca",2755
2022,"TO","Ignorado",191
2022,"TO","Indígena",492
2022,"TO","Parda",17009
2022,"TO","Preta",1787
2022,NA,"Amarela",0
2022,NA,"Branca",18
2022,NA,"Ignorado",12
2022,NA,"Indígena",0
2022,NA,"Parda",29
2022,NA,"Preta",5
