"ano","uf","nascidos","racacor","nascidos_racacor","sigla_uf"
2015,"Acre",16980,"Branca",988,"AC"
2015,"Acre",16980,"Amarela",51,"AC"
2015,"Acre",16980,"Indígena",840,"AC"
2015,"Acre",16980,"Preta",285,"AC"
2015,"Acre",16980,"Parda",12310,"AC"
2015,"Acre",16980,"Ignorado",2506,"AC"
2015,"Alagoas",52257,"Branca",3616,"AL"
2015,"Alagoas",52257,"Amarela",48,"AL"
2015,"Alagoas",52257,"Indígena",127,"AL"
2015,"Alagoas",52257,"Preta",485,"AL"
2015,"Alagoas",52257,"Parda",45638,"AL"
2015,"Alagoas",52257,"Ignorado",2343,"AL"
2015,"Amazonas",80079,"Branca",3140,"AM"
2015,"Amazonas",80079,"Amarela",42,"AM"
2015,"Amazonas",80079,"Indígena",6036,"AM"
2015,"Amazonas",80079,"Preta",286,"AM"
2015,"Amazonas",80079,"Parda",68484,"AM"
2015,"Amazonas",80079,"Ignorado",2091,"AM"
2015,"Amapá",15747,"Branca",1685,"AP"
2015,"Amapá",15747,"Amarela",11,"AP"
2015,"Amapá",15747,"Indígena",248,"AP"
2015,"Amapá",15747,"Preta",815,"AP"
2015,"Amapá",15747,"Parda",12656,"AP"
2015,"Amapá",15747,"Ignorado",332,"AP"
2015,"Bahia",206643,"Branca",16373,"BA"
2015,"Bahia",206643,"Amarela",727,"BA"
2015,"Bahia",206643,"Indígena",666,"BA"
2015,"Bahia",206643,"Preta",22710,"BA"
2015,"Bahia",206643,"Parda",146321,"BA"
2015,"Bahia",206643,"Ignorado",19846,"BA"
2015,"Ceará",132515,"Branca",9533,"CE"
2015,"Ceará",132515,"Amarela",260,"CE"
2015,"Ceará",132515,"Indígena",289,"CE"
2015,"Ceará",132515,"Preta",1049,"CE"
2015,"Ceará",132515,"Parda",95921,"CE"
2015,"Ceará",132515,"Ignorado",25463,"CE"
2015,"Distrito Federal",46122,"Branca",10299,"DF"
2015,"Distrito Federal",46122,"Amarela",177,"DF"
2015,"Distrito Federal",46122,"Indígena",33,"DF"
2015,"Distrito Federal",46122,"Preta",1286,"DF"
2015,"Distrito Federal",46122,"Parda",24481,"DF"
2015,"Distrito Federal",46122,"Ignorado",9846,"DF"
2015,"Espírito Santo",56941,"Branca",14155,"ES"
2015,"Espírito Santo",56941,"Amarela",97,"ES"
2015,"Espírito Santo",56941,"Indígena",138,"ES"
2015,"Espírito Santo",56941,"Preta",2572,"ES"
2015,"Espírito Santo",56941,"Parda",39017,"ES"
2015,"Espírito Santo",56941,"Ignorado",962,"ES"
2015,"Goiás",100667,"Branca",24167,"GO"
2015,"Goiás",100667,"Amarela",632,"GO"
2015,"Goiás",100667,"Indígena",64,"GO"
2015,"Goiás",100667,"Preta",2889,"GO"
2015,"Goiás",100667,"Parda",57995,"GO"
2015,"Goiás",100667,"Ignorado",14920,"GO"
2015,"Maranhão",117556,"Branca",10420,"MA"
2015,"Maranhão",117556,"Amarela",221,"MA"
2015,"Maranhão",117556,"Indígena",1318,"MA"
2015,"Maranhão",117556,"Preta",4867,"MA"
2015,"Maranhão",117556,"Parda",94276,"MA"
2015,"Maranhão",117556,"Ignorado",6454,"MA"
2015,"Minas Gerais",268291,"Branca",88362,"MG"
2015,"Minas Gerais",268291,"Amarela",1404,"MG"
2015,"Minas Gerais",268291,"Indígena",506,"MG"
2015,"Minas Gerais",268291,"Preta",19876,"MG"
2015,"Minas Gerais",268291,"Parda",137276,"MG"
2015,"Minas Gerais",268291,"Ignorado",20867,"MG"
2015,"Mato Grosso do Sul",44142,"Branca",15228,"MS"
2015,"Mato Grosso do Sul",44142,"Amarela",83,"MS"
2015,"Mato Grosso do Sul",44142,"Indígena",1889,"MS"
2015,"Mato Grosso do Sul",44142,"Preta",862,"MS"
2015,"Mato Grosso do Sul",44142,"Parda",25104,"MS"
2015,"Mato Grosso do Sul",44142,"Ignorado",976,"MS"
2015,"Mato Grosso",56671,"Branca",13770,"MT"
2015,"Mato Grosso",56671,"Amarela",220,"MT"
2015,"Mato Grosso",56671,"Indígena",1269,"MT"
2015,"Mato Grosso",56671,"Preta",2257,"MT"
2015,"Mato Grosso",56671,"Parda",37898,"MT"
2015,"Mato Grosso",56671,"Ignorado",1257,"MT"
2015,"Pará",143655,"Branca",9236,"PA"
2015,"Pará",143655,"Amarela",215,"PA"
2015,"Pará",143655,"Indígena",1318,"PA"
2015,"Pará",143655,"Preta",2726,"PA"
2015,"Pará",143655,"Parda",124784,"PA"
2015,"Pará",143655,"Ignorado",5376,"PA"
2015,"Paraíba",59089,"Branca",7287,"PB"
2015,"Paraíba",59089,"Amarela",173,"PB"
2015,"Paraíba",59089,"Indígena",175,"PB"
2015,"Paraíba",59089,"Preta",622,"PB"
2015,"Paraíba",59089,"Parda",45950,"PB"
2015,"Paraíba",59089,"Ignorado",4882,"PB"
2015,"Pernambuco",145022,"Branca",27700,"PE"
2015,"Pernambuco",145022,"Amarela",338,"PE"
2015,"Pernambuco",145022,"Indígena",967,"PE"
2015,"Pernambuco",145022,"Preta",5637,"PE"
2015,"Pernambuco",145022,"Parda",108754,"PE"
2015,"Pernambuco",145022,"Ignorado",1626,"PE"
2015,"Piauí",49252,"Branca",5719,"PI"
2015,"Piauí",49252,"Amarela",235,"PI"
2015,"Piauí",49252,"Indígena",22,"PI"
2015,"Piauí",49252,"Preta",2062,"PI"
2015,"Piauí",49252,"Parda",38799,"PI"
2015,"Piauí",49252,"Ignorado",2415,"PI"
2015,"Paraná",160946,"Branca",121949,"PR"
2015,"Paraná",160946,"Amarela",599,"PR"
2015,"Paraná",160946,"Indígena",518,"PR"
2015,"Paraná",160946,"Preta",3811,"PR"
2015,"Paraná",160946,"Parda",32080,"PR"
2015,"Paraná",160946,"Ignorado",1989,"PR"
2015,"Rio de Janeiro",236946,"Branca",82042,"RJ"
2015,"Rio de Janeiro",236946,"Amarela",615,"RJ"
2015,"Rio de Janeiro",236946,"Indígena",151,"RJ"
2015,"Rio de Janeiro",236946,"Preta",23356,"RJ"
2015,"Rio de Janeiro",236946,"Parda",123936,"RJ"
2015,"Rio de Janeiro",236946,"Ignorado",6846,"RJ"
2015,"Rio Grande do Norte",49099,"Branca",12887,"RN"
2015,"Rio Grande do Norte",49099,"Amarela",84,"RN"
2015,"Rio Grande do Norte",49099,"Indígena",30,"RN"
2015,"Rio Grande do Norte",49099,"Preta",1002,"RN"
2015,"Rio Grande do Norte",49099,"Parda",30932,"RN"
2015,"Rio Grande do Norte",49099,"Ignorado",4164,"RN"
2015,"Rondônia",27914,"Branca",6752,"RO"
2015,"Rondônia",27914,"Amarela",115,"RO"
2015,"Rondônia",27914,"Indígena",390,"RO"
2015,"Rondônia",27914,"Preta",1069,"RO"
2015,"Rondônia",27914,"Parda",17816,"RO"
2015,"Rondônia",27914,"Ignorado",1772,"RO"
2015,"Roraima",11409,"Branca",774,"RR"
2015,"Roraima",11409,"Amarela",21,"RR"
2015,"Roraima",11409,"Indígena",2532,"RR"
2015,"Roraima",11409,"Preta",186,"RR"
2015,"Roraima",11409,"Parda",7841,"RR"
2015,"Roraima",11409,"Ignorado",55,"RR"
2015,"Rio Grande do Sul",148359,"Branca",122838,"RS"
2015,"Rio Grande do Sul",148359,"Amarela",135,"RS"
2015,"Rio Grande do Sul",148359,"Indígena",687,"RS"
2015,"Rio Grande do Sul",148359,"Preta",9994,"RS"
2015,"Rio Grande do Sul",148359,"Parda",13688,"RS"
2015,"Rio Grande do Sul",148359,"Ignorado",1017,"RS"
2015,"Santa Catarina",97221,"Branca",82220,"SC"
2015,"Santa Catarina",97221,"Amarela",153,"SC"
2015,"Santa Catarina",97221,"Indígena",311,"SC"
2015,"Santa Catarina",97221,"Preta",2834,"SC"
2015,"Santa Catarina",97221,"Parda",7715,"SC"
2015,"Santa Catarina",97221,"Ignorado",3988,"SC"
2015,"Sergipe",34917,"Branca",3936,"SE"
2015,"Sergipe",34917,"Amarela",339,"SE"
2015,"Sergipe",34917,"Indígena",74,"SE"
2015,"Sergipe",34917,"Preta",1762,"SE"
2015,"Sergipe",34917,"Parda",27962,"SE"
2015,"Sergipe",34917,"Ignorado",844,"SE"
2015,"São Paulo",634017,"Branca",364899,"SP"
2015,"São Paulo",634017,"Amarela",3682,"SP"
2015,"São Paulo",634017,"Indígena",1114,"SP"
2015,"São Paulo",634017,"Preta",33364,"SP"
2015,"São Paulo",634017,"Parda",219538,"SP"
2015,"São Paulo",634017,"Ignorado",11420,"SP"
2015,"Tocantins",25106,"Branca",3129,"TO"
2015,"Tocantins",25106,"Amarela",170,"TO"
2015,"Tocantins",25106,"Indígena",555,"TO"
2015,"Tocantins",25106,"Preta",1258,"TO"
2015,"Tocantins",25106,"Parda",19585,"TO"
2015,"Tocantins",25106,"Ignorado",409,"TO"
2015,NA,105,"Branca",19,NA
2015,NA,105,"Amarela",2,NA
2015,NA,105,"Indígena",1,NA
2015,NA,105,"Preta",3,NA
2015,NA,105,"Parda",45,NA
2015,NA,105,"Ignorado",35,NA
2016,"Acre",15773,"Branca",1068,"AC"
2016,"Acre",15773,"Amarela",32,"AC"
2016,"Acre",15773,"Indígena",689,"AC"
2016,"Acre",15773,"Preta",218,"AC"
2016,"Acre",15773,"Parda",12330,"AC"
2016,"Acre",15773,"Ignorado",1436,"AC"
2016,"Alagoas",48163,"Branca",3051,"AL"
2016,"Alagoas",48163,"Amarela",67,"AL"
2016,"Alagoas",48163,"Indígena",144,"AL"
2016,"Alagoas",48163,"Preta",471,"AL"
2016,"Alagoas",48163,"Parda",43351,"AL"
2016,"Alagoas",48163,"Ignorado",1079,"AL"
2016,"Amazonas",76678,"Branca",2434,"AM"
2016,"Amazonas",76678,"Amarela",53,"AM"
2016,"Amazonas",76678,"Indígena",6756,"AM"
2016,"Amazonas",76678,"Preta",260,"AM"
2016,"Amazonas",76678,"Parda",65431,"AM"
2016,"Amazonas",76678,"Ignorado",1744,"AM"
2016,"Amapá",15521,"Branca",2151,"AP"
2016,"Amapá",15521,"Amarela",16,"AP"
2016,"Amapá",15521,"Indígena",306,"AP"
2016,"Amapá",15521,"Preta",694,"AP"
2016,"Amapá",15521,"Parda",12098,"AP"
2016,"Amapá",15521,"Ignorado",256,"AP"
2016,"Bahia",199816,"Branca",14689,"BA"
2016,"Bahia",199816,"Amarela",572,"BA"
2016,"Bahia",199816,"Indígena",593,"BA"
2016,"Bahia",199816,"Preta",22914,"BA"
2016,"Bahia",199816,"Parda",145214,"BA"
2016,"Bahia",199816,"Ignorado",15834,"BA"
2016,"Ceará",126245,"Branca",9125,"CE"
2016,"Ceará",126245,"Amarela",205,"CE"
2016,"Ceará",126245,"Indígena",283,"CE"
2016,"Ceará",126245,"Preta",966,"CE"
2016,"Ceará",126245,"Parda",90622,"CE"
2016,"Ceará",126245,"Ignorado",25044,"CE"
2016,"Distrito Federal",43340,"Branca",10501,"DF"
2016,"Distrito Federal",43340,"Amarela",332,"DF"
2016,"Distrito Federal",43340,"Indígena",47,"DF"
2016,"Distrito Federal",43340,"Preta",1462,"DF"
2016,"Distrito Federal",43340,"Parda",20136,"DF"
2016,"Distrito Federal",43340,"Ignorado",10862,"DF"
2016,"Espírito Santo",53412,"Branca",12585,"ES"
2016,"Espírito Santo",53412,"Amarela",109,"ES"
2016,"Espírito Santo",53412,"Indígena",151,"ES"
2016,"Espírito Santo",53412,"Preta",2298,"ES"
2016,"Espírito Santo",53412,"Parda",37471,"ES"
2016,"Espírito Santo",53412,"Ignorado",798,"ES"
2016,"Goiás",95553,"Branca",22120,"GO"
2016,"Goiás",95553,"Amarela",781,"GO"
2016,"Goiás",95553,"Indígena",110,"GO"
2016,"Goiás",95553,"Preta",2992,"GO"
2016,"Goiás",95553,"Parda",56361,"GO"
2016,"Goiás",95553,"Ignorado",13189,"GO"
2016,"Maranhão",110489,"Branca",9305,"MA"
2016,"Maranhão",110489,"Amarela",127,"MA"
2016,"Maranhão",110489,"Indígena",1218,"MA"
2016,"Maranhão",110489,"Preta",4285,"MA"
2016,"Maranhão",110489,"Parda",91484,"MA"
2016,"Maranhão",110489,"Ignorado",4070,"MA"
2016,"Minas Gerais",253516,"Branca",82647,"MG"
2016,"Minas Gerais",253516,"Amarela",1310,"MG"
2016,"Minas Gerais",253516,"Indígena",494,"MG"
2016,"Minas Gerais",253516,"Preta",18954,"MG"
2016,"Minas Gerais",253516,"Parda",130440,"MG"
2016,"Minas Gerais",253516,"Ignorado",19671,"MG"
2016,"Mato Grosso do Sul",42432,"Branca",14902,"MS"
2016,"Mato Grosso do Sul",42432,"Amarela",104,"MS"
2016,"Mato Grosso do Sul",42432,"Indígena",2012,"MS"
2016,"Mato Grosso do Sul",42432,"Preta",922,"MS"
2016,"Mato Grosso do Sul",42432,"Parda",24409,"MS"
2016,"Mato Grosso do Sul",42432,"Ignorado",83,"MS"
2016,"Mato Grosso",53530,"Branca",12770,"MT"
2016,"Mato Grosso",53530,"Amarela",186,"MT"
2016,"Mato Grosso",53530,"Indígena",1349,"MT"
2016,"Mato Grosso",53530,"Preta",2535,"MT"
2016,"Mato Grosso",53530,"Parda",34911,"MT"
2016,"Mato Grosso",53530,"Ignorado",1779,"MT"
2016,"Pará",137679,"Branca",8155,"PA"
2016,"Pará",137679,"Amarela",207,"PA"
2016,"Pará",137679,"Indígena",1310,"PA"
2016,"Pará",137679,"Preta",2487,"PA"
2016,"Pará",137679,"Parda",120730,"PA"
2016,"Pará",137679,"Ignorado",4790,"PA"
2016,"Paraíba",56083,"Branca",6274,"PB"
2016,"Paraíba",56083,"Amarela",169,"PB"
2016,"Paraíba",56083,"Indígena",116,"PB"
2016,"Paraíba",56083,"Preta",665,"PB"
2016,"Paraíba",56083,"Parda",43947,"PB"
2016,"Paraíba",56083,"Ignorado",4912,"PB"
2016,"Pernambuco",130727,"Branca",23945,"PE"
2016,"Pernambuco",130727,"Amarela",349,"PE"
2016,"Pernambuco",130727,"Indígena",952,"PE"
2016,"Pernambuco",130727,"Preta",5329,"PE"
2016,"Pernambuco",130727,"Parda",98286,"PE"
2016,"Pernambuco",130727,"Ignorado",1866,"PE"
2016,"Piauí",46986,"Branca",5220,"PI"
2016,"Piauí",46986,"Amarela",221,"PI"
2016,"Piauí",46986,"Indígena",33,"PI"
2016,"Piauí",46986,"Preta",1932,"PI"
2016,"Piauí",46986,"Parda",37193,"PI"
2016,"Piauí",46986,"Ignorado",2387,"PI"
2016,"Paraná",155066,"Branca",117973,"PR"
2016,"Paraná",155066,"Amarela",467,"PR"
2016,"Paraná",155066,"Indígena",474,"PR"
2016,"Paraná",155066,"Preta",3508,"PR"
2016,"Paraná",155066,"Parda",31017,"PR"
2016,"Paraná",155066,"Ignorado",1627,"PR"
2016,"Rio de Janeiro",219124,"Branca",76491,"RJ"
2016,"Rio de Janeiro",219124,"Amarela",485,"RJ"
2016,"Rio de Janeiro",219124,"Indígena",145,"RJ"
2016,"Rio de Janeiro",219124,"Preta",23964,"RJ"
2016,"Rio de Janeiro",219124,"Parda",114665,"RJ"
2016,"Rio de Janeiro",219124,"Ignorado",3374,"RJ"
2016,"Rio Grande do Norte",45365,"Branca",11787,"RN"
2016,"Rio Grande do Norte",45365,"Amarela",88,"RN"
2016,"Rio Grande do Norte",45365,"Indígena",39,"RN"
2016,"Rio Grande do Norte",45365,"Preta",867,"RN"
2016,"Rio Grande do Norte",45365,"Parda",28074,"RN"
2016,"Rio Grande do Norte",45365,"Ignorado",4510,"RN"
2016,"Rondônia",26600,"Branca",5609,"RO"
2016,"Rondônia",26600,"Amarela",96,"RO"
2016,"Rondônia",26600,"Indígena",403,"RO"
2016,"Rondônia",26600,"Preta",818,"RO"
2016,"Rondônia",26600,"Parda",16897,"RO"
2016,"Rondônia",26600,"Ignorado",2777,"RO"
2016,"Roraima",11375,"Branca",787,"RR"
2016,"Roraima",11375,"Amarela",35,"RR"
2016,"Roraima",11375,"Indígena",2757,"RR"
2016,"Roraima",11375,"Preta",291,"RR"
2016,"Roraima",11375,"Parda",7487,"RR"
2016,"Roraima",11375,"Ignorado",18,"RR"
2016,"Rio Grande do Sul",141411,"Branca",116961,"RS"
2016,"Rio Grande do Sul",141411,"Amarela",153,"RS"
2016,"Rio Grande do Sul",141411,"Indígena",670,"RS"
2016,"Rio Grande do Sul",141411,"Preta",9682,"RS"
2016,"Rio Grande do Sul",141411,"Parda",13215,"RS"
2016,"Rio Grande do Sul",141411,"Ignorado",730,"RS"
2016,"Santa Catarina",95312,"Branca",80101,"SC"
2016,"Santa Catarina",95312,"Amarela",94,"SC"
2016,"Santa Catarina",95312,"Indígena",301,"SC"
2016,"Santa Catarina",95312,"Preta",2945,"SC"
2016,"Santa Catarina",95312,"Parda",8527,"SC"
2016,"Santa Catarina",95312,"Ignorado",3344,"SC"
2016,"Sergipe",32218,"Branca",3174,"SE"
2016,"Sergipe",32218,"Amarela",297,"SE"
2016,"Sergipe",32218,"Indígena",64,"SE"
2016,"Sergipe",32218,"Preta",1678,"SE"
2016,"Sergipe",32218,"Parda",26212,"SE"
2016,"Sergipe",32218,"Ignorado",793,"SE"
2016,"São Paulo",601421,"Branca",343480,"SP"
2016,"São Paulo",601421,"Amarela",3675,"SP"
2016,"São Paulo",601421,"Indígena",925,"SP"
2016,"São Paulo",601421,"Preta",33616,"SP"
2016,"São Paulo",601421,"Parda",212025,"SP"
2016,"São Paulo",601421,"Ignorado",7700,"SP"
2016,"Tocantins",23869,"Branca",2876,"TO"
2016,"Tocantins",23869,"Amarela",188,"TO"
2016,"Tocantins",23869,"Indígena",488,"TO"
2016,"Tocantins",23869,"Preta",1288,"TO"
2016,"Tocantins",23869,"Parda",18740,"TO"
2016,"Tocantins",23869,"Ignorado",289,"TO"
2016,NA,96,"Branca",11,NA
2016,NA,96,"Amarela",0,NA
2016,NA,96,"Indígena",8,NA
2016,NA,96,"Preta",6,NA
2016,NA,96,"Parda",48,NA
2016,NA,96,"Ignorado",23,NA
2017,"Acre",16358,"Branca",1103,"AC"
2017,"Acre",16358,"Amarela",60,"AC"
2017,"Acre",16358,"Indígena",842,"AC"
2017,"Acre",16358,"Preta",215,"AC"
2017,"Acre",16358,"Parda",13352,"AC"
2017,"Acre",16358,"Ignorado",786,"AC"
2017,"Alagoas",50368,"Branca",3316,"AL"
2017,"Alagoas",50368,"Amarela",114,"AL"
2017,"Alagoas",50368,"Indígena",195,"AL"
2017,"Alagoas",50368,"Preta",475,"AL"
2017,"Alagoas",50368,"Parda",41660,"AL"
2017,"Alagoas",50368,"Ignorado",4608,"AL"
2017,"Amazonas",78049,"Branca",3248,"AM"
2017,"Amazonas",78049,"Amarela",149,"AM"
2017,"Amazonas",78049,"Indígena",7378,"AM"
2017,"Amazonas",78049,"Preta",448,"AM"
2017,"Amazonas",78049,"Parda",66103,"AM"
2017,"Amazonas",78049,"Ignorado",723,"AM"
2017,"Amapá",15399,"Branca",2226,"AP"
2017,"Amapá",15399,"Amarela",8,"AP"
2017,"Amapá",15399,"Indígena",307,"AP"
2017,"Amapá",15399,"Preta",857,"AP"
2017,"Amapá",15399,"Parda",11823,"AP"
2017,"Amapá",15399,"Ignorado",178,"AP"
2017,"Bahia",204086,"Branca",14850,"BA"
2017,"Bahia",204086,"Amarela",770,"BA"
2017,"Bahia",204086,"Indígena",771,"BA"
2017,"Bahia",204086,"Preta",24182,"BA"
2017,"Bahia",204086,"Parda",147575,"BA"
2017,"Bahia",204086,"Ignorado",15938,"BA"
2017,"Ceará",127797,"Branca",8856,"CE"
2017,"Ceará",127797,"Amarela",236,"CE"
2017,"Ceará",127797,"Indígena",264,"CE"
2017,"Ceará",127797,"Preta",989,"CE"
2017,"Ceará",127797,"Parda",89151,"CE"
2017,"Ceará",127797,"Ignorado",28301,"CE"
2017,"Distrito Federal",44568,"Branca",9693,"DF"
2017,"Distrito Federal",44568,"Amarela",368,"DF"
2017,"Distrito Federal",44568,"Indígena",80,"DF"
2017,"Distrito Federal",44568,"Preta",1921,"DF"
2017,"Distrito Federal",44568,"Parda",19688,"DF"
2017,"Distrito Federal",44568,"Ignorado",12818,"DF"
2017,"Espírito Santo",55846,"Branca",13580,"ES"
2017,"Espírito Santo",55846,"Amarela",116,"ES"
2017,"Espírito Santo",55846,"Indígena",123,"ES"
2017,"Espírito Santo",55846,"Preta",2731,"ES"
2017,"Espírito Santo",55846,"Parda",38685,"ES"
2017,"Espírito Santo",55846,"Ignorado",611,"ES"
2017,"Goiás",97515,"Branca",23692,"GO"
2017,"Goiás",97515,"Amarela",954,"GO"
2017,"Goiás",97515,"Indígena",118,"GO"
2017,"Goiás",97515,"Preta",3664,"GO"
2017,"Goiás",97515,"Parda",58421,"GO"
2017,"Goiás",97515,"Ignorado",10666,"GO"
2017,"Maranhão",112981,"Branca",9368,"MA"
2017,"Maranhão",112981,"Amarela",164,"MA"
2017,"Maranhão",112981,"Indígena",1550,"MA"
2017,"Maranhão",112981,"Preta",4317,"MA"
2017,"Maranhão",112981,"Parda",92361,"MA"
2017,"Maranhão",112981,"Ignorado",5221,"MA"
2017,"Minas Gerais",260957,"Branca",87942,"MG"
2017,"Minas Gerais",260957,"Amarela",1881,"MG"
2017,"Minas Gerais",260957,"Indígena",494,"MG"
2017,"Minas Gerais",260957,"Preta",20686,"MG"
2017,"Minas Gerais",260957,"Parda",140653,"MG"
2017,"Minas Gerais",260957,"Ignorado",9301,"MG"
2017,"Mato Grosso do Sul",44747,"Branca",16598,"MS"
2017,"Mato Grosso do Sul",44747,"Amarela",132,"MS"
2017,"Mato Grosso do Sul",44747,"Indígena",2181,"MS"
2017,"Mato Grosso do Sul",44747,"Preta",1079,"MS"
2017,"Mato Grosso do Sul",44747,"Parda",24704,"MS"
2017,"Mato Grosso do Sul",44747,"Ignorado",53,"MS"
2017,"Mato Grosso",57268,"Branca",13597,"MT"
2017,"Mato Grosso",57268,"Amarela",240,"MT"
2017,"Mato Grosso",57268,"Indígena",1478,"MT"
2017,"Mato Grosso",57268,"Preta",2793,"MT"
2017,"Mato Grosso",57268,"Parda",38062,"MT"
2017,"Mato Grosso",57268,"Ignorado",1098,"MT"
2017,"Pará",138682,"Branca",7771,"PA"
2017,"Pará",138682,"Amarela",276,"PA"
2017,"Pará",138682,"Indígena",1371,"PA"
2017,"Pará",138682,"Preta",2745,"PA"
2017,"Pará",138682,"Parda",122430,"PA"
2017,"Pará",138682,"Ignorado",4089,"PA"
2017,"Paraíba",57493,"Branca",6951,"PB"
2017,"Paraíba",57493,"Amarela",146,"PB"
2017,"Paraíba",57493,"Indígena",223,"PB"
2017,"Paraíba",57493,"Preta",771,"PB"
2017,"Paraíba",57493,"Parda",45166,"PB"
2017,"Paraíba",57493,"Ignorado",4236,"PB"
2017,"Pernambuco",135906,"Branca",26649,"PE"
2017,"Pernambuco",135906,"Amarela",420,"PE"
2017,"Pernambuco",135906,"Indígena",991,"PE"
2017,"Pernambuco",135906,"Preta",6029,"PE"
2017,"Pernambuco",135906,"Parda",99620,"PE"
2017,"Pernambuco",135906,"Ignorado",2197,"PE"
2017,"Piauí",48551,"Branca",4837,"PI"
2017,"Piauí",48551,"Amarela",247,"PI"
2017,"Piauí",48551,"Indígena",26,"PI"
2017,"Piauí",48551,"Preta",1800,"PI"
2017,"Piauí",48551,"Parda",38643,"PI"
2017,"Piauí",48551,"Ignorado",2998,"PI"
2017,"Paraná",157693,"Branca",118876,"PR"
2017,"Paraná",157693,"Amarela",458,"PR"
2017,"Paraná",157693,"Indígena",427,"PR"
2017,"Paraná",157693,"Preta",3704,"PR"
2017,"Paraná",157693,"Parda",32300,"PR"
2017,"Paraná",157693,"Ignorado",1928,"PR"
2017,"Rio de Janeiro",223216,"Branca",76771,"RJ"
2017,"Rio de Janeiro",223216,"Amarela",472,"RJ"
2017,"Rio de Janeiro",223216,"Indígena",131,"RJ"
2017,"Rio de Janeiro",223216,"Preta",24793,"RJ"
2017,"Rio de Janeiro",223216,"Parda",117133,"RJ"
2017,"Rio de Janeiro",223216,"Ignorado",3916,"RJ"
2017,"Rio Grande do Norte",46222,"Branca",13120,"RN"
2017,"Rio Grande do Norte",46222,"Amarela",84,"RN"
2017,"Rio Grande do Norte",46222,"Indígena",25,"RN"
2017,"Rio Grande do Norte",46222,"Preta",987,"RN"
2017,"Rio Grande do Norte",46222,"Parda",30843,"RN"
2017,"Rio Grande do Norte",46222,"Ignorado",1163,"RN"
2017,"Rondônia",27503,"Branca",5463,"RO"
2017,"Rondônia",27503,"Amarela",64,"RO"
2017,"Rondônia",27503,"Indígena",396,"RO"
2017,"Rondônia",27503,"Preta",794,"RO"
2017,"Rondônia",27503,"Parda",17793,"RO"
2017,"Rondônia",27503,"Ignorado",2993,"RO"
2017,"Roraima",11737,"Branca",959,"RR"
2017,"Roraima",11737,"Amarela",23,"RR"
2017,"Roraima",11737,"Indígena",2406,"RR"
2017,"Roraima",11737,"Preta",286,"RR"
2017,"Roraima",11737,"Parda",8036,"RR"
2017,"Roraima",11737,"Ignorado",27,"RR"
2017,"Rio Grande do Sul",141568,"Branca",117219,"RS"
2017,"Rio Grande do Sul",141568,"Amarela",137,"RS"
2017,"Rio Grande do Sul",141568,"Indígena",726,"RS"
2017,"Rio Grande do Sul",141568,"Preta",9798,"RS"
2017,"Rio Grande do Sul",141568,"Parda",13213,"RS"
2017,"Rio Grande do Sul",141568,"Ignorado",475,"RS"
2017,"Santa Catarina",98334,"Branca",82800,"SC"
2017,"Santa Catarina",98334,"Amarela",126,"SC"
2017,"Santa Catarina",98334,"Indígena",322,"SC"
2017,"Santa Catarina",98334,"Preta",3023,"SC"
2017,"Santa Catarina",98334,"Parda",8871,"SC"
2017,"Santa Catarina",98334,"Ignorado",3192,"SC"
2017,"Sergipe",33867,"Branca",3507,"SE"
2017,"Sergipe",33867,"Amarela",296,"SE"
2017,"Sergipe",33867,"Indígena",37,"SE"
2017,"Sergipe",33867,"Preta",1794,"SE"
2017,"Sergipe",33867,"Parda",27733,"SE"
2017,"Sergipe",33867,"Ignorado",500,"SE"
2017,"São Paulo",611798,"Branca",344729,"SP"
2017,"São Paulo",611798,"Amarela",3645,"SP"
2017,"São Paulo",611798,"Indígena",844,"SP"
2017,"São Paulo",611798,"Preta",36123,"SP"
2017,"São Paulo",611798,"Parda",221408,"SP"
2017,"São Paulo",611798,"Ignorado",5049,"SP"
2017,"Tocantins",24932,"Branca",3158,"TO"
2017,"Tocantins",24932,"Amarela",195,"TO"
2017,"Tocantins",24932,"Indígena",537,"TO"
2017,"Tocantins",24932,"Preta",1665,"TO"
2017,"Tocantins",24932,"Parda",19107,"TO"
2017,"Tocantins",24932,"Ignorado",270,"TO"
2017,NA,94,"Branca",11,NA
2017,NA,94,"Amarela",0,NA
2017,NA,94,"Indígena",3,NA
2017,NA,94,"Preta",7,NA
2017,NA,94,"Parda",53,NA
2017,NA,94,"Ignorado",20,NA
2018,"Acre",16543,"Branca",933,"AC"
2018,"Acre",16543,"Amarela",102,"AC"
2018,"Acre",16543,"Indígena",848,"AC"
2018,"Acre",16543,"Preta",181,"AC"
2018,"Acre",16543,"Parda",13800,"AC"
2018,"Acre",16543,"Ignorado",679,"AC"
2018,"Alagoas",52496,"Branca",3552,"AL"
2018,"Alagoas",52496,"Amarela",116,"AL"
2018,"Alagoas",52496,"Indígena",155,"AL"
2018,"Alagoas",52496,"Preta",460,"AL"
2018,"Alagoas",52496,"Parda",42485,"AL"
2018,"Alagoas",52496,"Ignorado",5728,"AL"
2018,"Amazonas",78062,"Branca",3750,"AM"
2018,"Amazonas",78062,"Amarela",141,"AM"
2018,"Amazonas",78062,"Indígena",7701,"AM"
2018,"Amazonas",78062,"Preta",594,"AM"
2018,"Amazonas",78062,"Parda",65507,"AM"
2018,"Amazonas",78062,"Ignorado",369,"AM"
2018,"Amapá",15864,"Branca",2166,"AP"
2018,"Amapá",15864,"Amarela",26,"AP"
2018,"Amapá",15864,"Indígena",290,"AP"
2018,"Amapá",15864,"Preta",1061,"AP"
2018,"Amapá",15864,"Parda",12188,"AP"
2018,"Amapá",15864,"Ignorado",133,"AP"
2018,"Bahia",205329,"Branca",15111,"BA"
2018,"Bahia",205329,"Amarela",842,"BA"
2018,"Bahia",205329,"Indígena",791,"BA"
2018,"Bahia",205329,"Preta",25934,"BA"
2018,"Bahia",205329,"Parda",149711,"BA"
2018,"Bahia",205329,"Ignorado",12940,"BA"
2018,"Ceará",131491,"Branca",9509,"CE"
2018,"Ceará",131491,"Amarela",268,"CE"
2018,"Ceará",131491,"Indígena",344,"CE"
2018,"Ceará",131491,"Preta",1021,"CE"
2018,"Ceará",131491,"Parda",94560,"CE"
2018,"Ceará",131491,"Ignorado",25789,"CE"
2018,"Distrito Federal",44195,"Branca",9524,"DF"
2018,"Distrito Federal",44195,"Amarela",430,"DF"
2018,"Distrito Federal",44195,"Indígena",77,"DF"
2018,"Distrito Federal",44195,"Preta",1876,"DF"
2018,"Distrito Federal",44195,"Parda",18662,"DF"
2018,"Distrito Federal",44195,"Ignorado",13626,"DF"
2018,"Espírito Santo",56720,"Branca",14399,"ES"
2018,"Espírito Santo",56720,"Amarela",146,"ES"
2018,"Espírito Santo",56720,"Indígena",142,"ES"
2018,"Espírito Santo",56720,"Preta",3530,"ES"
2018,"Espírito Santo",56720,"Parda",37936,"ES"
2018,"Espírito Santo",56720,"Ignorado",567,"ES"
2018,"Goiás",98866,"Branca",25235,"GO"
2018,"Goiás",98866,"Amarela",1032,"GO"
2018,"Goiás",98866,"Indígena",104,"GO"
2018,"Goiás",98866,"Preta",4470,"GO"
2018,"Goiás",98866,"Parda",61388,"GO"
2018,"Goiás",98866,"Ignorado",6637,"GO"
2018,"Maranhão",117149,"Branca",8990,"MA"
2018,"Maranhão",117149,"Amarela",258,"MA"
2018,"Maranhão",117149,"Indígena",1609,"MA"
2018,"Maranhão",117149,"Preta",4620,"MA"
2018,"Maranhão",117149,"Parda",97429,"MA"
2018,"Maranhão",117149,"Ignorado",4243,"MA"
2018,"Minas Gerais",263637,"Branca",87468,"MG"
2018,"Minas Gerais",263637,"Amarela",2162,"MG"
2018,"Minas Gerais",263637,"Indígena",558,"MG"
2018,"Minas Gerais",263637,"Preta",22230,"MG"
2018,"Minas Gerais",263637,"Parda",144568,"MG"
2018,"Minas Gerais",263637,"Ignorado",6651,"MG"
2018,"Mato Grosso do Sul",44275,"Branca",16361,"MS"
2018,"Mato Grosso do Sul",44275,"Amarela",146,"MS"
2018,"Mato Grosso do Sul",44275,"Indígena",2173,"MS"
2018,"Mato Grosso do Sul",44275,"Preta",1194,"MS"
2018,"Mato Grosso do Sul",44275,"Parda",24339,"MS"
2018,"Mato Grosso do Sul",44275,"Ignorado",62,"MS"
2018,"Mato Grosso",58649,"Branca",14144,"MT"
2018,"Mato Grosso",58649,"Amarela",235,"MT"
2018,"Mato Grosso",58649,"Indígena",1773,"MT"
2018,"Mato Grosso",58649,"Preta",2882,"MT"
2018,"Mato Grosso",58649,"Parda",38600,"MT"
2018,"Mato Grosso",58649,"Ignorado",1015,"MT"
2018,"Pará",141818,"Branca",8263,"PA"
2018,"Pará",141818,"Amarela",260,"PA"
2018,"Pará",141818,"Indígena",1429,"PA"
2018,"Pará",141818,"Preta",2786,"PA"
2018,"Pará",141818,"Parda",125157,"PA"
2018,"Pará",141818,"Ignorado",3923,"PA"
2018,"Paraíba",60203,"Branca",7208,"PB"
2018,"Paraíba",60203,"Amarela",153,"PB"
2018,"Paraíba",60203,"Indígena",372,"PB"
2018,"Paraíba",60203,"Preta",844,"PB"
2018,"Paraíba",60203,"Parda",47345,"PB"
2018,"Paraíba",60203,"Ignorado",4281,"PB"
2018,"Pernambuco",138285,"Branca",26671,"PE"
2018,"Pernambuco",138285,"Amarela",462,"PE"
2018,"Pernambuco",138285,"Indígena",1220,"PE"
2018,"Pernambuco",138285,"Preta",6614,"PE"
2018,"Pernambuco",138285,"Parda",101513,"PE"
2018,"Pernambuco",138285,"Ignorado",1805,"PE"
2018,"Piauí",49489,"Branca",4661,"PI"
2018,"Piauí",49489,"Amarela",272,"PI"
2018,"Piauí",49489,"Indígena",38,"PI"
2018,"Piauí",49489,"Preta",1895,"PI"
2018,"Piauí",49489,"Parda",39235,"PI"
2018,"Piauí",49489,"Ignorado",3388,"PI"
2018,"Paraná",156201,"Branca",115802,"PR"
2018,"Paraná",156201,"Amarela",587,"PR"
2018,"Paraná",156201,"Indígena",474,"PR"
2018,"Paraná",156201,"Preta",3862,"PR"
2018,"Paraná",156201,"Parda",33733,"PR"
2018,"Paraná",156201,"Ignorado",1743,"PR"
2018,"Rio de Janeiro",220481,"Branca",75119,"RJ"
2018,"Rio de Janeiro",220481,"Amarela",481,"RJ"
2018,"Rio de Janeiro",220481,"Indígena",140,"RJ"
2018,"Rio de Janeiro",220481,"Preta",26393,"RJ"
2018,"Rio de Janeiro",220481,"Parda",115124,"RJ"
2018,"Rio de Janeiro",220481,"Ignorado",3224,"RJ"
2018,"Rio Grande do Norte",48107,"Branca",14160,"RN"
2018,"Rio Grande do Norte",48107,"Amarela",129,"RN"
2018,"Rio Grande do Norte",48107,"Indígena",35,"RN"
2018,"Rio Grande do Norte",48107,"Preta",1086,"RN"
2018,"Rio Grande do Norte",48107,"Parda",31654,"RN"
2018,"Rio Grande do Norte",48107,"Ignorado",1043,"RN"
2018,"Rondônia",28089,"Branca",5793,"RO"
2018,"Rondônia",28089,"Amarela",90,"RO"
2018,"Rondônia",28089,"Indígena",408,"RO"
2018,"Rondônia",28089,"Preta",900,"RO"
2018,"Rondônia",28089,"Parda",19649,"RO"
2018,"Rondônia",28089,"Ignorado",1249,"RO"
2018,"Roraima",13343,"Branca",1100,"RR"
2018,"Roraima",13343,"Amarela",31,"RR"
2018,"Roraima",13343,"Indígena",3017,"RR"
2018,"Roraima",13343,"Preta",421,"RR"
2018,"Roraima",13343,"Parda",8733,"RR"
2018,"Roraima",13343,"Ignorado",41,"RR"
2018,"Rio Grande do Sul",140047,"Branca",114313,"RS"
2018,"Rio Grande do Sul",140047,"Amarela",129,"RS"
2018,"Rio Grande do Sul",140047,"Indígena",702,"RS"
2018,"Rio Grande do Sul",140047,"Preta",9918,"RS"
2018,"Rio Grande do Sul",140047,"Parda",14517,"RS"
2018,"Rio Grande do Sul",140047,"Ignorado",468,"RS"
2018,"Santa Catarina",99609,"Branca",82131,"SC"
2018,"Santa Catarina",99609,"Amarela",150,"SC"
2018,"Santa Catarina",99609,"Indígena",305,"SC"
2018,"Santa Catarina",99609,"Preta",3599,"SC"
2018,"Santa Catarina",99609,"Parda",10519,"SC"
2018,"Santa Catarina",99609,"Ignorado",2905,"SC"
2018,"Sergipe",34256,"Branca",3441,"SE"
2018,"Sergipe",34256,"Amarela",377,"SE"
2018,"Sergipe",34256,"Indígena",42,"SE"
2018,"Sergipe",34256,"Preta",2302,"SE"
2018,"Sergipe",34256,"Parda",27675,"SE"
2018,"Sergipe",34256,"Ignorado",419,"SE"
2018,"São Paulo",606142,"Branca",336569,"SP"
2018,"São Paulo",606142,"Amarela",3599,"SP"
2018,"São Paulo",606142,"Indígena",760,"SP"
2018,"São Paulo",606142,"Preta",37613,"SP"
2018,"São Paulo",606142,"Parda",224146,"SP"
2018,"São Paulo",606142,"Ignorado",3455,"SP"
2018,"Tocantins",25480,"Branca",3240,"TO"
2018,"Tocantins",25480,"Amarela",254,"TO"
2018,"Tocantins",25480,"Indígena",554,"TO"
2018,"Tocantins",25480,"Preta",1800,"TO"
2018,"Tocantins",25480,"Parda",19401,"TO"
2018,"Tocantins",25480,"Ignorado",231,"TO"
2018,NA,106,"Branca",10,NA
2018,NA,106,"Amarela",0,NA
2018,NA,106,"Indígena",0,NA
2018,NA,106,"Preta",7,NA
2018,NA,106,"Parda",62,NA
2018,NA,106,"Ignorado",27,NA
2019,"Acre",16280,"Branca",704,"AC"
2019,"Acre",16280,"Amarela",97,"AC"
2019,"Acre",16280,"Indígena",770,"AC"
2019,"Acre",16280,"Preta",162,"AC"
2019,"Acre",16280,"Parda",13874,"AC"
2019,"Acre",16280,"Ignorado",673,"AC"
2019,"Alagoas",49803,"Branca",3144,"AL"
2019,"Alagoas",49803,"Amarela",135,"AL"
2019,"Alagoas",49803,"Indígena",205,"AL"
2019,"Alagoas",49803,"Preta",448,"AL"
2019,"Alagoas",49803,"Parda",38628,"AL"
2019,"Alagoas",49803,"Ignorado",7243,"AL"
2019,"Amazonas",77610,"Branca",4164,"AM"
2019,"Amazonas",77610,"Amarela",128,"AM"
2019,"Amazonas",77610,"Indígena",7967,"AM"
2019,"Amazonas",77610,"Preta",723,"AM"
2019,"Amazonas",77610,"Parda",64083,"AM"
2019,"Amazonas",77610,"Ignorado",545,"AM"
2019,"Amapá",15356,"Branca",1888,"AP"
2019,"Amapá",15356,"Amarela",29,"AP"
2019,"Amapá",15356,"Indígena",255,"AP"
2019,"Amapá",15356,"Preta",901,"AP"
2019,"Amapá",15356,"Parda",11423,"AP"
2019,"Amapá",15356,"Ignorado",860,"AP"
2019,"Bahia",197249,"Branca",14766,"BA"
2019,"Bahia",197249,"Amarela",818,"BA"
2019,"Bahia",197249,"Indígena",875,"BA"
2019,"Bahia",197249,"Preta",26325,"BA"
2019,"Bahia",197249,"Parda",142163,"BA"
2019,"Bahia",197249,"Ignorado",12302,"BA"
2019,"Ceará",129185,"Branca",8675,"CE"
2019,"Ceará",129185,"Amarela",249,"CE"
2019,"Ceará",129185,"Indígena",339,"CE"
2019,"Ceará",129185,"Preta",1062,"CE"
2019,"Ceará",129185,"Parda",94224,"CE"
2019,"Ceará",129185,"Ignorado",24636,"CE"
2019,"Distrito Federal",42422,"Branca",10452,"DF"
2019,"Distrito Federal",42422,"Amarela",375,"DF"
2019,"Distrito Federal",42422,"Indígena",72,"DF"
2019,"Distrito Federal",42422,"Preta",2168,"DF"
2019,"Distrito Federal",42422,"Parda",20763,"DF"
2019,"Distrito Federal",42422,"Ignorado",8592,"DF"
2019,"Espírito Santo",54925,"Branca",14174,"ES"
2019,"Espírito Santo",54925,"Amarela",185,"ES"
2019,"Espírito Santo",54925,"Indígena",142,"ES"
2019,"Espírito Santo",54925,"Preta",3759,"ES"
2019,"Espírito Santo",54925,"Parda",36284,"ES"
2019,"Espírito Santo",54925,"Ignorado",381,"ES"
2019,"Goiás",96108,"Branca",24701,"GO"
2019,"Goiás",96108,"Amarela",972,"GO"
2019,"Goiás",96108,"Indígena",86,"GO"
2019,"Goiás",96108,"Preta",4592,"GO"
2019,"Goiás",96108,"Parda",60565,"GO"
2019,"Goiás",96108,"Ignorado",5192,"GO"
2019,"Maranhão",113309,"Branca",8232,"MA"
2019,"Maranhão",113309,"Amarela",227,"MA"
2019,"Maranhão",113309,"Indígena",1509,"MA"
2019,"Maranhão",113309,"Preta",4720,"MA"
2019,"Maranhão",113309,"Parda",94325,"MA"
2019,"Maranhão",113309,"Ignorado",4296,"MA"
2019,"Minas Gerais",256890,"Branca",83862,"MG"
2019,"Minas Gerais",256890,"Amarela",2161,"MG"
2019,"Minas Gerais",256890,"Indígena",520,"MG"
2019,"Minas Gerais",256890,"Preta",22895,"MG"
2019,"Minas Gerais",256890,"Parda",140733,"MG"
2019,"Minas Gerais",256890,"Ignorado",6719,"MG"
2019,"Mato Grosso do Sul",43695,"Branca",15602,"MS"
2019,"Mato Grosso do Sul",43695,"Amarela",160,"MS"
2019,"Mato Grosso do Sul",43695,"Indígena",2080,"MS"
2019,"Mato Grosso do Sul",43695,"Preta",1387,"MS"
2019,"Mato Grosso do Sul",43695,"Parda",24365,"MS"
2019,"Mato Grosso do Sul",43695,"Ignorado",101,"MS"
2019,"Mato Grosso",58852,"Branca",14041,"MT"
2019,"Mato Grosso",58852,"Amarela",287,"MT"
2019,"Mato Grosso",58852,"Indígena",1752,"MT"
2019,"Mato Grosso",58852,"Preta",3378,"MT"
2019,"Mato Grosso",58852,"Parda",38184,"MT"
2019,"Mato Grosso",58852,"Ignorado",1210,"MT"
2019,"Pará",138338,"Branca",7539,"PA"
2019,"Pará",138338,"Amarela",213,"PA"
2019,"Pará",138338,"Indígena",1394,"PA"
2019,"Pará",138338,"Preta",2583,"PA"
2019,"Pará",138338,"Parda",121270,"PA"
2019,"Pará",138338,"Ignorado",5339,"PA"
2019,"Paraíba",57701,"Branca",6202,"PB"
2019,"Paraíba",57701,"Amarela",117,"PB"
2019,"Paraíba",57701,"Indígena",390,"PB"
2019,"Paraíba",57701,"Preta",788,"PB"
2019,"Paraíba",57701,"Parda",45693,"PB"
2019,"Paraíba",57701,"Ignorado",4511,"PB"
2019,"Pernambuco",133346,"Branca",26025,"PE"
2019,"Pernambuco",133346,"Amarela",433,"PE"
2019,"Pernambuco",133346,"Indígena",1182,"PE"
2019,"Pernambuco",133346,"Preta",7067,"PE"
2019,"Pernambuco",133346,"Parda",96985,"PE"
2019,"Pernambuco",133346,"Ignorado",1654,"PE"
2019,"Piauí",47931,"Branca",4426,"PI"
2019,"Piauí",47931,"Amarela",273,"PI"
2019,"Piauí",47931,"Indígena",52,"PI"
2019,"Piauí",47931,"Preta",1874,"PI"
2019,"Piauí",47931,"Parda",38019,"PI"
2019,"Piauí",47931,"Ignorado",3287,"PI"
2019,"Paraná",153468,"Branca",112023,"PR"
2019,"Paraná",153468,"Amarela",581,"PR"
2019,"Paraná",153468,"Indígena",478,"PR"
2019,"Paraná",153468,"Preta",4170,"PR"
2019,"Paraná",153468,"Parda",34914,"PR"
2019,"Paraná",153468,"Ignorado",1302,"PR"
2019,"Rio de Janeiro",207966,"Branca",69530,"RJ"
2019,"Rio de Janeiro",207966,"Amarela",586,"RJ"
2019,"Rio de Janeiro",207966,"Indígena",154,"RJ"
2019,"Rio de Janeiro",207966,"Preta",27396,"RJ"
2019,"Rio de Janeiro",207966,"Parda",106892,"RJ"
2019,"Rio de Janeiro",207966,"Ignorado",3408,"RJ"
2019,"Rio Grande do Norte",44031,"Branca",12530,"RN"
2019,"Rio Grande do Norte",44031,"Amarela",202,"RN"
2019,"Rio Grande do Norte",44031,"Indígena",37,"RN"
2019,"Rio Grande do Norte",44031,"Preta",1198,"RN"
2019,"Rio Grande do Norte",44031,"Parda",29424,"RN"
2019,"Rio Grande do Norte",44031,"Ignorado",640,"RN"
2019,"Rondônia",27027,"Branca",5382,"RO"
2019,"Rondônia",27027,"Amarela",116,"RO"
2019,"Rondônia",27027,"Indígena",415,"RO"
2019,"Rondônia",27027,"Preta",867,"RO"
2019,"Rondônia",27027,"Parda",19586,"RO"
2019,"Rondônia",27027,"Ignorado",661,"RO"
2019,"Roraima",14620,"Branca",1161,"RR"
2019,"Roraima",14620,"Amarela",8,"RR"
2019,"Roraima",14620,"Indígena",3268,"RR"
2019,"Roraima",14620,"Preta",507,"RR"
2019,"Roraima",14620,"Parda",9661,"RR"
2019,"Roraima",14620,"Ignorado",15,"RR"
2019,"Rio Grande do Sul",134596,"Branca",108712,"RS"
2019,"Rio Grande do Sul",134596,"Amarela",127,"RS"
2019,"Rio Grande do Sul",134596,"Indígena",720,"RS"
2019,"Rio Grande do Sul",134596,"Preta",10079,"RS"
2019,"Rio Grande do Sul",134596,"Parda",14761,"RS"
2019,"Rio Grande do Sul",134596,"Ignorado",197,"RS"
2019,"Santa Catarina",98029,"Branca",80383,"SC"
2019,"Santa Catarina",98029,"Amarela",219,"SC"
2019,"Santa Catarina",98029,"Indígena",320,"SC"
2019,"Santa Catarina",98029,"Preta",3863,"SC"
2019,"Santa Catarina",98029,"Parda",10809,"SC"
2019,"Santa Catarina",98029,"Ignorado",2435,"SC"
2019,"Sergipe",32697,"Branca",3158,"SE"
2019,"Sergipe",32697,"Amarela",351,"SE"
2019,"Sergipe",32697,"Indígena",37,"SE"
2019,"Sergipe",32697,"Preta",2559,"SE"
2019,"Sergipe",32697,"Parda",26411,"SE"
2019,"Sergipe",32697,"Ignorado",181,"SE"
2019,"São Paulo",583183,"Branca",316397,"SP"
2019,"São Paulo",583183,"Amarela",3362,"SP"
2019,"São Paulo",583183,"Indígena",594,"SP"
2019,"São Paulo",583183,"Preta",38742,"SP"
2019,"São Paulo",583183,"Parda",221011,"SP"
2019,"São Paulo",583183,"Ignorado",3077,"SP"
2019,"Tocantins",24447,"Branca",3071,"TO"
2019,"Tocantins",24447,"Amarela",258,"TO"
2019,"Tocantins",24447,"Indígena",503,"TO"
2019,"Tocantins",24447,"Preta",1807,"TO"
2019,"Tocantins",24447,"Parda",18621,"TO"
2019,"Tocantins",24447,"Ignorado",187,"TO"
2019,NA,82,"Branca",8,NA
2019,NA,82,"Amarela",1,NA
2019,NA,82,"Indígena",3,NA
2019,NA,82,"Preta",8,NA
2019,NA,82,"Parda",44,NA
2019,NA,82,"Ignorado",18,NA
2020,"Acre",15142,"Branca",857,"AC"
2020,"Acre",15142,"Amarela",121,"AC"
2020,"Acre",15142,"Indígena",630,"AC"
2020,"Acre",15142,"Preta",308,"AC"
2020,"Acre",15142,"Parda",12555,"AC"
2020,"Acre",15142,"Ignorado",671,"AC"
2020,"Alagoas",48341,"Branca",3146,"AL"
2020,"Alagoas",48341,"Amarela",141,"AL"
2020,"Alagoas",48341,"Indígena",159,"AL"
2020,"Alagoas",48341,"Preta",590,"AL"
2020,"Alagoas",48341,"Parda",43447,"AL"
2020,"Alagoas",48341,"Ignorado",858,"AL"
2020,"Amazonas",75594,"Branca",3656,"AM"
2020,"Amazonas",75594,"Amarela",115,"AM"
2020,"Amazonas",75594,"Indígena",7678,"AM"
2020,"Amazonas",75594,"Preta",739,"AM"
2020,"Amazonas",75594,"Parda",62476,"AM"
2020,"Amazonas",75594,"Ignorado",930,"AM"
2020,"Amapá",14633,"Branca",1753,"AP"
2020,"Amapá",14633,"Amarela",29,"AP"
2020,"Amapá",14633,"Indígena",279,"AP"
2020,"Amapá",14633,"Preta",1056,"AP"
2020,"Amapá",14633,"Parda",11224,"AP"
2020,"Amapá",14633,"Ignorado",292,"AP"
2020,"Bahia",188960,"Branca",13571,"BA"
2020,"Bahia",188960,"Amarela",731,"BA"
2020,"Bahia",188960,"Indígena",781,"BA"
2020,"Bahia",188960,"Preta",24906,"BA"
2020,"Bahia",188960,"Parda",137153,"BA"
2020,"Bahia",188960,"Ignorado",11818,"BA"
2020,"Ceará",121904,"Branca",9023,"CE"
2020,"Ceará",121904,"Amarela",286,"CE"
2020,"Ceará",121904,"Indígena",315,"CE"
2020,"Ceará",121904,"Preta",1375,"CE"
2020,"Ceará",121904,"Parda",88424,"CE"
2020,"Ceará",121904,"Ignorado",22481,"CE"
2020,"Distrito Federal",39361,"Branca",10206,"DF"
2020,"Distrito Federal",39361,"Amarela",349,"DF"
2020,"Distrito Federal",39361,"Indígena",59,"DF"
2020,"Distrito Federal",39361,"Preta",2458,"DF"
2020,"Distrito Federal",39361,"Parda",20270,"DF"
2020,"Distrito Federal",39361,"Ignorado",6019,"DF"
2020,"Espírito Santo",53766,"Branca",13814,"ES"
2020,"Espírito Santo",53766,"Amarela",262,"ES"
2020,"Espírito Santo",53766,"Indígena",165,"ES"
2020,"Espírito Santo",53766,"Preta",4084,"ES"
2020,"Espírito Santo",53766,"Parda",35170,"ES"
2020,"Espírito Santo",53766,"Ignorado",271,"ES"
2020,"Goiás",92767,"Branca",22970,"GO"
2020,"Goiás",92767,"Amarela",920,"GO"
2020,"Goiás",92767,"Indígena",104,"GO"
2020,"Goiás",92767,"Preta",5069,"GO"
2020,"Goiás",92767,"Parda",60535,"GO"
2020,"Goiás",92767,"Ignorado",3169,"GO"
2020,"Maranhão",106073,"Branca",7210,"MA"
2020,"Maranhão",106073,"Amarela",300,"MA"
2020,"Maranhão",106073,"Indígena",1522,"MA"
2020,"Maranhão",106073,"Preta",4584,"MA"
2020,"Maranhão",106073,"Parda",81981,"MA"
2020,"Maranhão",106073,"Ignorado",10476,"MA"
2020,"Minas Gerais",247192,"Branca",79732,"MG"
2020,"Minas Gerais",247192,"Amarela",1964,"MG"
2020,"Minas Gerais",247192,"Indígena",530,"MG"
2020,"Minas Gerais",247192,"Preta",23374,"MG"
2020,"Minas Gerais",247192,"Parda",134330,"MG"
2020,"Minas Gerais",247192,"Ignorado",7262,"MG"
2020,"Mato Grosso do Sul",41308,"Branca",14793,"MS"
2020,"Mato Grosso do Sul",41308,"Amarela",172,"MS"
2020,"Mato Grosso do Sul",41308,"Indígena",2085,"MS"
2020,"Mato Grosso do Sul",41308,"Preta",1454,"MS"
2020,"Mato Grosso do Sul",41308,"Parda",22679,"MS"
2020,"Mato Grosso do Sul",41308,"Ignorado",125,"MS"
2020,"Mato Grosso",57036,"Branca",13617,"MT"
2020,"Mato Grosso",57036,"Amarela",277,"MT"
2020,"Mato Grosso",57036,"Indígena",1770,"MT"
2020,"Mato Grosso",57036,"Preta",3675,"MT"
2020,"Mato Grosso",57036,"Parda",36761,"MT"
2020,"Mato Grosso",57036,"Ignorado",936,"MT"
2020,"Pará",132937,"Branca",7788,"PA"
2020,"Pará",132937,"Amarela",319,"PA"
2020,"Pará",132937,"Indígena",1503,"PA"
2020,"Pará",132937,"Preta",3088,"PA"
2020,"Pará",132937,"Parda",116814,"PA"
2020,"Pará",132937,"Ignorado",3425,"PA"
2020,"Paraíba",56379,"Branca",5764,"PB"
2020,"Paraíba",56379,"Amarela",93,"PB"
2020,"Paraíba",56379,"Indígena",270,"PB"
2020,"Paraíba",56379,"Preta",632,"PB"
2020,"Paraíba",56379,"Parda",44396,"PB"
2020,"Paraíba",56379,"Ignorado",5224,"PB"
2020,"Pernambuco",128470,"Branca",23846,"PE"
2020,"Pernambuco",128470,"Amarela",360,"PE"
2020,"Pernambuco",128470,"Indígena",1100,"PE"
2020,"Pernambuco",128470,"Preta",7153,"PE"
2020,"Pernambuco",128470,"Parda",94282,"PE"
2020,"Pernambuco",128470,"Ignorado",1729,"PE"
2020,"Piauí",45225,"Branca",3641,"PI"
2020,"Piauí",45225,"Amarela",189,"PI"
2020,"Piauí",45225,"Indígena",91,"PI"
2020,"Piauí",45225,"Preta",1608,"PI"
2020,"Piauí",45225,"Parda",36496,"PI"
2020,"Piauí",45225,"Ignorado",3200,"PI"
2020,"Paraná",146289,"Branca",105346,"PR"
2020,"Paraná",146289,"Amarela",564,"PR"
2020,"Paraná",146289,"Indígena",491,"PR"
2020,"Paraná",146289,"Preta",4359,"PR"
2020,"Paraná",146289,"Parda",33890,"PR"
2020,"Paraná",146289,"Ignorado",1639,"PR"
2020,"Rio de Janeiro",199110,"Branca",63584,"RJ"
2020,"Rio de Janeiro",199110,"Amarela",841,"RJ"
2020,"Rio de Janeiro",199110,"Indígena",157,"RJ"
2020,"Rio de Janeiro",199110,"Preta",27993,"RJ"
2020,"Rio de Janeiro",199110,"Parda",102067,"RJ"
2020,"Rio de Janeiro",199110,"Ignorado",4468,"RJ"
2020,"Rio Grande do Norte",43531,"Branca",12082,"RN"
2020,"Rio Grande do Norte",43531,"Amarela",169,"RN"
2020,"Rio Grande do Norte",43531,"Indígena",36,"RN"
2020,"Rio Grande do Norte",43531,"Preta",1391,"RN"
2020,"Rio Grande do Norte",43531,"Parda",29309,"RN"
2020,"Rio Grande do Norte",43531,"Ignorado",544,"RN"
2020,"Rondônia",25798,"Branca",4747,"RO"
2020,"Rondônia",25798,"Amarela",134,"RO"
2020,"Rondônia",25798,"Indígena",413,"RO"
2020,"Rondônia",25798,"Preta",911,"RO"
2020,"Rondônia",25798,"Parda",19029,"RO"
2020,"Rondônia",25798,"Ignorado",564,"RO"
2020,"Roraima",13759,"Branca",999,"RR"
2020,"Roraima",13759,"Amarela",20,"RR"
2020,"Roraima",13759,"Indígena",3177,"RR"
2020,"Roraima",13759,"Preta",334,"RR"
2020,"Roraima",13759,"Parda",9211,"RR"
2020,"Roraima",13759,"Ignorado",18,"RR"
2020,"Rio Grande do Sul",130742,"Branca",104192,"RS"
2020,"Rio Grande do Sul",130742,"Amarela",155,"RS"
2020,"Rio Grande do Sul",130742,"Indígena",736,"RS"
2020,"Rio Grande do Sul",130742,"Preta",10212,"RS"
2020,"Rio Grande do Sul",130742,"Parda",15061,"RS"
2020,"Rio Grande do Sul",130742,"Ignorado",386,"RS"
2020,"Santa Catarina",97914,"Branca",79294,"SC"
2020,"Santa Catarina",97914,"Amarela",287,"SC"
2020,"Santa Catarina",97914,"Indígena",320,"SC"
2020,"Santa Catarina",97914,"Preta",4635,"SC"
2020,"Santa Catarina",97914,"Parda",11998,"SC"
2020,"Santa Catarina",97914,"Ignorado",1380,"SC"
2020,"Sergipe",31784,"Branca",2930,"SE"
2020,"Sergipe",31784,"Amarela",240,"SE"
2020,"Sergipe",31784,"Indígena",34,"SE"
2020,"Sergipe",31784,"Preta",2187,"SE"
2020,"Sergipe",31784,"Parda",26209,"SE"
2020,"Sergipe",31784,"Ignorado",184,"SE"
2020,"São Paulo",552307,"Branca",294574,"SP"
2020,"São Paulo",552307,"Amarela",2906,"SP"
2020,"São Paulo",552307,"Indígena",604,"SP"
2020,"São Paulo",552307,"Preta",39188,"SP"
2020,"São Paulo",552307,"Parda",211950,"SP"
2020,"São Paulo",552307,"Ignorado",3085,"SP"
2020,"Tocantins",23728,"Branca",2721,"TO"
2020,"Tocantins",23728,"Amarela",346,"TO"
2020,"Tocantins",23728,"Indígena",485,"TO"
2020,"Tocantins",23728,"Preta",1870,"TO"
2020,"Tocantins",23728,"Parda",17854,"TO"
2020,"Tocantins",23728,"Ignorado",452,"TO"
2020,NA,95,"Branca",18,NA
2020,NA,95,"Amarela",0,NA
2020,NA,95,"Indígena",1,NA
2020,NA,95,"Preta",4,NA
2020,NA,95,"Parda",35,NA
2020,NA,95,"Ignorado",37,NA
2021,"Acre",15698,"Branca",700,"AC"
2021,"Acre",15698,"Amarela",133,"AC"
2021,"Acre",15698,"Indígena",1037,"AC"
2021,"Acre",15698,"Preta",211,"AC"
2021,"Acre",15698,"Parda",12993,"AC"
2021,"Acre",15698,"Ignorado",624,"AC"
2021,"Alagoas",48808,"Branca",3429,"AL"
2021,"Alagoas",48808,"Amarela",110,"AL"
2021,"Alagoas",48808,"Indígena",224,"AL"
2021,"Alagoas",48808,"Preta",559,"AL"
2021,"Alagoas",48808,"Parda",42752,"AL"
2021,"Alagoas",48808,"Ignorado",1734,"AL"
2021,"Amazonas",78428,"Branca",3850,"AM"
2021,"Amazonas",78428,"Amarela",131,"AM"
2021,"Amazonas",78428,"Indígena",8859,"AM"
2021,"Amazonas",78428,"Preta",817,"AM"
2021,"Amazonas",78428,"Parda",63804,"AM"
2021,"Amazonas",78428,"Ignorado",967,"AM"
2021,"Amapá",14993,"Branca",1552,"AP"
2021,"Amapá",14993,"Amarela",21,"AP"
2021,"Amapá",14993,"Indígena",268,"AP"
2021,"Amapá",14993,"Preta",1034,"AP"
2021,"Amapá",14993,"Parda",12024,"AP"
2021,"Amapá",14993,"Ignorado",94,"AP"
2021,"Bahia",185455,"Branca",13351,"BA"
2021,"Bahia",185455,"Amarela",693,"BA"
2021,"Bahia",185455,"Indígena",868,"BA"
2021,"Bahia",185455,"Preta",23841,"BA"
2021,"Bahia",185455,"Parda",134155,"BA"
2021,"Bahia",185455,"Ignorado",12547,"BA"
2021,"Ceará",120265,"Branca",10821,"CE"
2021,"Ceará",120265,"Amarela",344,"CE"
2021,"Ceará",120265,"Indígena",268,"CE"
2021,"Ceará",120265,"Preta",1690,"CE"
2021,"Ceará",120265,"Parda",86695,"CE"
2021,"Ceará",120265,"Ignorado",20447,"CE"
2021,"Distrito Federal",38035,"Branca",9904,"DF"
2021,"Distrito Federal",38035,"Amarela",336,"DF"
2021,"Distrito Federal",38035,"Indígena",38,"DF"
2021,"Distrito Federal",38035,"Preta",2557,"DF"
2021,"Distrito Federal",38035,"Parda",19532,"DF"
2021,"Distrito Federal",38035,"Ignorado",5668,"DF"
2021,"Espírito Santo",52492,"Branca",13713,"ES"
2021,"Espírito Santo",52492,"Amarela",262,"ES"
2021,"Espírito Santo",52492,"Indígena",160,"ES"
2021,"Espírito Santo",52492,"Preta",4427,"ES"
2021,"Espírito Santo",52492,"Parda",33519,"ES"
2021,"Espírito Santo",52492,"Ignorado",411,"ES"
2021,"Goiás",90959,"Branca",21727,"GO"
2021,"Goiás",90959,"Amarela",1058,"GO"
2021,"Goiás",90959,"Indígena",95,"GO"
2021,"Goiás",90959,"Preta",5463,"GO"
2021,"Goiás",90959,"Parda",60146,"GO"
2021,"Goiás",90959,"Ignorado",2470,"GO"
2021,"Maranhão",108664,"Branca",7471,"MA"
2021,"Maranhão",108664,"Amarela",272,"MA"
2021,"Maranhão",108664,"Indígena",1763,"MA"
2021,"Maranhão",108664,"Preta",5235,"MA"
2021,"Maranhão",108664,"Parda",83000,"MA"
2021,"Maranhão",108664,"Ignorado",10923,"MA"
2021,"Minas Gerais",242134,"Branca",77064,"MG"
2021,"Minas Gerais",242134,"Amarela",1824,"MG"
2021,"Minas Gerais",242134,"Indígena",539,"MG"
2021,"Minas Gerais",242134,"Preta",24093,"MG"
2021,"Minas Gerais",242134,"Parda",133184,"MG"
2021,"Minas Gerais",242134,"Ignorado",5430,"MG"
2021,"Mato Grosso do Sul",42173,"Branca",14522,"MS"
2021,"Mato Grosso do Sul",42173,"Amarela",155,"MS"
2021,"Mato Grosso do Sul",42173,"Indígena",2230,"MS"
2021,"Mato Grosso do Sul",42173,"Preta",1515,"MS"
2021,"Mato Grosso do Sul",42173,"Parda",23579,"MS"
2021,"Mato Grosso do Sul",42173,"Ignorado",172,"MS"
2021,"Mato Grosso",57840,"Branca",13214,"MT"
2021,"Mato Grosso",57840,"Amarela",318,"MT"
2021,"Mato Grosso",57840,"Indígena",2037,"MT"
2021,"Mato Grosso",57840,"Preta",3994,"MT"
2021,"Mato Grosso",57840,"Parda",37593,"MT"
2021,"Mato Grosso",57840,"Ignorado",684,"MT"
2021,"Pará",137128,"Branca",8006,"PA"
2021,"Pará",137128,"Amarela",339,"PA"
2021,"Pará",137128,"Indígena",1591,"PA"
2021,"Pará",137128,"Preta",3352,"PA"
2021,"Pará",137128,"Parda",120210,"PA"
2021,"Pará",137128,"Ignorado",3630,"PA"
2021,"Paraíba",56044,"Branca",5382,"PB"
2021,"Paraíba",56044,"Amarela",136,"PB"
2021,"Paraíba",56044,"Indígena",349,"PB"
2021,"Paraíba",56044,"Preta",731,"PB"
2021,"Paraíba",56044,"Parda",44247,"PB"
2021,"Paraíba",56044,"Ignorado",5199,"PB"
2021,"Pernambuco",126192,"Branca",23180,"PE"
2021,"Pernambuco",126192,"Amarela",365,"PE"
2021,"Pernambuco",126192,"Indígena",1286,"PE"
2021,"Pernambuco",126192,"Preta",7536,"PE"
2021,"Pernambuco",126192,"Parda",92598,"PE"
2021,"Pernambuco",126192,"Ignorado",1227,"PE"
2021,"Piauí",45975,"Branca",3434,"PI"
2021,"Piauí",45975,"Amarela",229,"PI"
2021,"Piauí",45975,"Indígena",39,"PI"
2021,"Piauí",45975,"Preta",1708,"PI"
2021,"Piauí",45975,"Parda",37435,"PI"
2021,"Piauí",45975,"Ignorado",3130,"PI"
2021,"Paraná",141975,"Branca",101165,"PR"
2021,"Paraná",141975,"Amarela",476,"PR"
2021,"Paraná",141975,"Indígena",463,"PR"
2021,"Paraná",141975,"Preta",4242,"PR"
2021,"Paraná",141975,"Parda",33675,"PR"
2021,"Paraná",141975,"Ignorado",1954,"PR"
2021,"Rio de Janeiro",189854,"Branca",60039,"RJ"
2021,"Rio de Janeiro",189854,"Amarela",911,"RJ"
2021,"Rio de Janeiro",189854,"Indígena",163,"RJ"
2021,"Rio de Janeiro",189854,"Preta",27282,"RJ"
2021,"Rio de Janeiro",189854,"Parda",96865,"RJ"
2021,"Rio de Janeiro",189854,"Ignorado",4594,"RJ"
2021,"Rio Grande do Norte",43430,"Branca",11287,"RN"
2021,"Rio Grande do Norte",43430,"Amarela",178,"RN"
2021,"Rio Grande do Norte",43430,"Indígena",53,"RN"
2021,"Rio Grande do Norte",43430,"Preta",1293,"RN"
2021,"Rio Grande do Norte",43430,"Parda",29957,"RN"
2021,"Rio Grande do Norte",43430,"Ignorado",662,"RN"
2021,"Rondônia",25435,"Branca",4461,"RO"
2021,"Rondônia",25435,"Amarela",126,"RO"
2021,"Rondônia",25435,"Indígena",445,"RO"
2021,"Rondônia",25435,"Preta",912,"RO"
2021,"Rondônia",25435,"Parda",18610,"RO"
2021,"Rondônia",25435,"Ignorado",881,"RO"
2021,"Roraima",13901,"Branca",1050,"RR"
2021,"Roraima",13901,"Amarela",12,"RR"
2021,"Roraima",13901,"Indígena",3476,"RR"
2021,"Roraima",13901,"Preta",396,"RR"
2021,"Roraima",13901,"Parda",8878,"RR"
2021,"Roraima",13901,"Ignorado",89,"RR"
2021,"Rio Grande do Sul",124446,"Branca",97703,"RS"
2021,"Rio Grande do Sul",124446,"Amarela",213,"RS"
2021,"Rio Grande do Sul",124446,"Indígena",793,"RS"
2021,"Rio Grande do Sul",124446,"Preta",9868,"RS"
2021,"Rio Grande do Sul",124446,"Parda",15539,"RS"
2021,"Rio Grande do Sul",124446,"Ignorado",330,"RS"
2021,"Santa Catarina",96498,"Branca",76457,"SC"
2021,"Santa Catarina",96498,"Amarela",265,"SC"
2021,"Santa Catarina",96498,"Indígena",365,"SC"
2021,"Santa Catarina",96498,"Preta",4455,"SC"
2021,"Santa Catarina",96498,"Parda",12694,"SC"
2021,"Santa Catarina",96498,"Ignorado",2262,"SC"
2021,"Sergipe",31206,"Branca",2780,"SE"
2021,"Sergipe",31206,"Amarela",251,"SE"
2021,"Sergipe",31206,"Indígena",46,"SE"
2021,"Sergipe",31206,"Preta",2570,"SE"
2021,"Sergipe",31206,"Parda",25251,"SE"
2021,"Sergipe",31206,"Ignorado",308,"SE"
2021,"São Paulo",525233,"Branca",277014,"SP"
2021,"São Paulo",525233,"Amarela",2622,"SP"
2021,"São Paulo",525233,"Indígena",627,"SP"
2021,"São Paulo",525233,"Preta",39533,"SP"
2021,"São Paulo",525233,"Parda",203116,"SP"
2021,"São Paulo",525233,"Ignorado",2321,"SP"
2021,"Tocantins",23747,"Branca",2571,"TO"
2021,"Tocantins",23747,"Amarela",334,"TO"
2021,"Tocantins",23747,"Indígena",512,"TO"
2021,"Tocantins",23747,"Preta",1863,"TO"
2021,"Tocantins",23747,"Parda",17974,"TO"
2021,"Tocantins",23747,"Ignorado",493,"TO"
2021,NA,93,"Branca",15,NA
2021,NA,93,"Amarela",1,NA
2021,NA,93,"Indígena",2,NA
2021,NA,93,"Preta",6,NA
2021,NA,93,"Parda",42,NA
2021,NA,93,"Ignorado",27,NA
2022,"Acre",14483,"Branca",804,"AC"
2022,"Acre",14483,"Amarela",92,"AC"
2022,"Acre",14483,"Indígena",908,"AC"
2022,"Acre",14483,"Preta",258,"AC"
2022,"Acre",14483,"Parda",12181,"AC"
2022,"Acre",14483,"Ignorado",240,"AC"
2022,"Alagoas",45742,"Branca",3205,"AL"
2022,"Alagoas",45742,"Amarela",105,"AL"
2022,"Alagoas",45742,"Indígena",193,"AL"
2022,"Alagoas",45742,"Preta",558,"AL"
2022,"Alagoas",45742,"Parda",41158,"AL"
2022,"Alagoas",45742,"Ignorado",523,"AL"
2022,"Amazonas",72515,"Branca",3674,"AM"
2022,"Amazonas",72515,"Amarela",116,"AM"
2022,"Amazonas",72515,"Indígena",8593,"AM"
2022,"Amazonas",72515,"Preta",750,"AM"
2022,"Amazonas",72515,"Parda",58786,"AM"
2022,"Amazonas",72515,"Ignorado",596,"AM"
2022,"Amapá",13615,"Branca",1609,"AP"
2022,"Amapá",13615,"Amarela",22,"AP"
2022,"Amapá",13615,"Indígena",293,"AP"
2022,"Amapá",13615,"Preta",886,"AP"
2022,"Amapá",13615,"Parda",10720,"AP"
2022,"Amapá",13615,"Ignorado",85,"AP"
2022,"Bahia",173821,"Branca",13579,"BA"
2022,"Bahia",173821,"Amarela",757,"BA"
2022,"Bahia",173821,"Indígena",900,"BA"
2022,"Bahia",173821,"Preta",26238,"BA"
2022,"Bahia",173821,"Parda",123705,"BA"
2022,"Bahia",173821,"Ignorado",8642,"BA"
2022,"Ceará",112307,"Branca",10896,"CE"
2022,"Ceará",112307,"Amarela",333,"CE"
2022,"Ceará",112307,"Indígena",269,"CE"
2022,"Ceará",112307,"Preta",1869,"CE"
2022,"Ceará",112307,"Parda",82479,"CE"
2022,"Ceará",112307,"Ignorado",16461,"CE"
2022,"Distrito Federal",35928,"Branca",9961,"DF"
2022,"Distrito Federal",35928,"Amarela",247,"DF"
2022,"Distrito Federal",35928,"Indígena",58,"DF"
2022,"Distrito Federal",35928,"Preta",2822,"DF"
2022,"Distrito Federal",35928,"Parda",19613,"DF"
2022,"Distrito Federal",35928,"Ignorado",3227,"DF"
2022,"Espírito Santo",51729,"Branca",12961,"ES"
2022,"Espírito Santo",51729,"Amarela",315,"ES"
2022,"Espírito Santo",51729,"Indígena",216,"ES"
2022,"Espírito Santo",51729,"Preta",4775,"ES"
2022,"Espírito Santo",51729,"Parda",32541,"ES"
2022,"Espírito Santo",51729,"Ignorado",921,"ES"
2022,"Goiás",89740,"Branca",21685,"GO"
2022,"Goiás",89740,"Amarela",932,"GO"
2022,"Goiás",89740,"Indígena",83,"GO"
2022,"Goiás",89740,"Preta",5572,"GO"
2022,"Goiás",89740,"Parda",59729,"GO"
2022,"Goiás",89740,"Ignorado",1739,"GO"
2022,"Maranhão",97963,"Branca",7530,"MA"
2022,"Maranhão",97963,"Amarela",211,"MA"
2022,"Maranhão",97963,"Indígena",1431,"MA"
2022,"Maranhão",97963,"Preta",4656,"MA"
2022,"Maranhão",97963,"Parda",78205,"MA"
2022,"Maranhão",97963,"Ignorado",5930,"MA"
2022,"Minas Gerais",235061,"Branca",75827,"MG"
2022,"Minas Gerais",235061,"Amarela",1758,"MG"
2022,"Minas Gerais",235061,"Indígena",499,"MG"
2022,"Minas Gerais",235061,"Preta",23991,"MG"
2022,"Minas Gerais",235061,"Parda",127532,"MG"
2022,"Minas Gerais",235061,"Ignorado",5454,"MG"
2022,"Mato Grosso do Sul",40485,"Branca",13726,"MS"
2022,"Mato Grosso do Sul",40485,"Amarela",141,"MS"
2022,"Mato Grosso do Sul",40485,"Indígena",2137,"MS"
2022,"Mato Grosso do Sul",40485,"Preta",1367,"MS"
2022,"Mato Grosso do Sul",40485,"Parda",22871,"MS"
2022,"Mato Grosso do Sul",40485,"Ignorado",243,"MS"
2022,"Mato Grosso",58167,"Branca",13826,"MT"
2022,"Mato Grosso",58167,"Amarela",377,"MT"
2022,"Mato Grosso",58167,"Indígena",1696,"MT"
2022,"Mato Grosso",58167,"Preta",4117,"MT"
2022,"Mato Grosso",58167,"Parda",37390,"MT"
2022,"Mato Grosso",58167,"Ignorado",761,"MT"
2022,"Pará",127998,"Branca",8134,"PA"
2022,"Pará",127998,"Amarela",358,"PA"
2022,"Pará",127998,"Indígena",1504,"PA"
2022,"Pará",127998,"Preta",3475,"PA"
2022,"Pará",127998,"Parda",111222,"PA"
2022,"Pará",127998,"Ignorado",3305,"PA"
2022,"Paraíba",50892,"Branca",5740,"PB"
2022,"Paraíba",50892,"Amarela",100,"PB"
2022,"Paraíba",50892,"Indígena",334,"PB"
2022,"Paraíba",50892,"Preta",761,"PB"
2022,"Paraíba",50892,"Parda",40002,"PB"
2022,"Paraíba",50892,"Ignorado",3955,"PB"
2022,"Pernambuco",117425,"Branca",21831,"PE"
2022,"Pernambuco",117425,"Amarela",349,"PE"
2022,"Pernambuco",117425,"Indígena",1183,"PE"
2022,"Pernambuco",117425,"Preta",7664,"PE"
2022,"Pernambuco",117425,"Parda",85009,"PE"
2022,"Pernambuco",117425,"Ignorado",1389,"PE"
2022,"Piauí",42244,"Branca",3440,"PI"
2022,"Piauí",42244,"Amarela",192,"PI"
2022,"Piauí",42244,"Indígena",38,"PI"
2022,"Piauí",42244,"Preta",1628,"PI"
2022,"Piauí",42244,"Parda",35382,"PI"
2022,"Piauí",42244,"Ignorado",1564,"PI"
2022,"Paraná",140635,"Branca",97395,"PR"
2022,"Paraná",140635,"Amarela",512,"PR"
2022,"Paraná",140635,"Indígena",464,"PR"
2022,"Paraná",140635,"Preta",4090,"PR"
2022,"Paraná",140635,"Parda",35692,"PR"
2022,"Paraná",140635,"Ignorado",2482,"PR"
2022,"Rio de Janeiro",180353,"Branca",58020,"RJ"
2022,"Rio de Janeiro",180353,"Amarela",835,"RJ"
2022,"Rio de Janeiro",180353,"Indígena",183,"RJ"
2022,"Rio de Janeiro",180353,"Preta",28041,"RJ"
2022,"Rio de Janeiro",180353,"Parda",89150,"RJ"
2022,"Rio de Janeiro",180353,"Ignorado",4124,"RJ"
2022,"Rio Grande do Norte",40036,"Branca",10986,"RN"
2022,"Rio Grande do Norte",40036,"Amarela",162,"RN"
2022,"Rio Grande do Norte",40036,"Indígena",42,"RN"
2022,"Rio Grande do Norte",40036,"Preta",1316,"RN"
2022,"Rio Grande do Norte",40036,"Parda",27006,"RN"
2022,"Rio Grande do Norte",40036,"Ignorado",524,"RN"
2022,"Rondônia",24899,"Branca",4575,"RO"
2022,"Rondônia",24899,"Amarela",135,"RO"
2022,"Rondônia",24899,"Indígena",399,"RO"
2022,"Rondônia",24899,"Preta",925,"RO"
2022,"Rondônia",24899,"Parda",18327,"RO"
2022,"Rondônia",24899,"Ignorado",538,"RO"
2022,"Roraima",13090,"Branca",1239,"RR"
2022,"Roraima",13090,"Amarela",24,"RR"
2022,"Roraima",13090,"Indígena",3298,"RR"
2022,"Roraima",13090,"Preta",375,"RR"
2022,"Roraima",13090,"Parda",8140,"RR"
2022,"Roraima",13090,"Ignorado",14,"RR"
2022,"Rio Grande do Sul",120942,"Branca",95131,"RS"
2022,"Rio Grande do Sul",120942,"Amarela",162,"RS"
2022,"Rio Grande do Sul",120942,"Indígena",848,"RS"
2022,"Rio Grande do Sul",120942,"Preta",9288,"RS"
2022,"Rio Grande do Sul",120942,"Parda",15262,"RS"
2022,"Rio Grande do Sul",120942,"Ignorado",251,"RS"
2022,"Santa Catarina",98200,"Branca",76302,"SC"
2022,"Santa Catarina",98200,"Amarela",291,"SC"
2022,"Santa Catarina",98200,"Indígena",378,"SC"
2022,"Santa Catarina",98200,"Preta",4412,"SC"
2022,"Santa Catarina",98200,"Parda",15502,"SC"
2022,"Santa Catarina",98200,"Ignorado",1315,"SC"
2022,"Sergipe",28524,"Branca",2938,"SE"
2022,"Sergipe",28524,"Amarela",233,"SE"
2022,"Sergipe",28524,"Indígena",53,"SE"
2022,"Sergipe",28524,"Preta",2633,"SE"
2022,"Sergipe",28524,"Parda",22452,"SE"
2022,"Sergipe",28524,"Ignorado",215,"SE"
2022,"São Paulo",512515,"Branca",271429,"SP"
2022,"São Paulo",512515,"Amarela",2636,"SP"
2022,"São Paulo",512515,"Indígena",599,"SP"
2022,"São Paulo",512515,"Preta",39175,"SP"
2022,"São Paulo",512515,"Parda",196871,"SP"
2022,"São Paulo",512515,"Ignorado",1805,"SP"
2022,"Tocantins",22549,"Branca",2755,"TO"
2022,"Tocantins",22549,"Amarela",315,"TO"
2022,"Tocantins",22549,"Indígena",492,"TO"
2022,"Tocantins",22549,"Preta",1787,"TO"
2022,"Tocantins",22549,"Parda",17009,"TO"
2022,"Tocantins",22549,"Ignorado",191,"TO"
2022,NA,64,"Branca",18,NA
2022,NA,64,"Amarela",0,NA
2022,NA,64,"Indígena",0,NA
2022,NA,64,"Preta",5,NA
2022,NA,64,"Parda",29,NA
2022,NA,64,"Ignorado",12,NA
